school_id,department_id,高校名,高校名かな,学科名,課程,共学/男子校/女子校,標準偏差値,偏差値出典,内申点,内申点出典,郵便番号,住所,市区町村,都道府県,地域,緯度,経度,座標ラベル,座標出典,Webサイト,創立年_西暦,公立/私立/国立,設置者,内申点_min,内申点_max,内申点_classification,内申点_app_display,大学進学率,大学進学率_source_url,大学進学率_source_type,進路状況_卒業年月
b07cd28800,be3335542dd4,大宮,オオミヤ,理数科,全日制,共学,72.0,https://www.eimeigakuin.jp/%E6%9C%80%E6%96%B0%E7%89%882024%E5%B9%B4%E5%BA%A6%E5%8F%97%E9%A8%93%E7%94%A8%E5%85%AC%E7%AB%8B%E7%A7%81%E7%AB%8B%E9%AB%98%E6%A0%A1%E5%90%88%E6%A0%BC%E5%9F%BA%E6%BA%96%E4%B8%80%E8%A6%A7%E8%A1%A8/,41-44,https://www.rinkaiseminar.co.jp/wp-content/uploads/2025/07/%E5%9F%BC%E7%8E%89%E3%80%80%E5%8B%9F%E9%9B%86%E4%BA%BA%E5%93%A1%E3%81%A8%E5%8F%97%E9%A8%93%E3%81%AE%E3%82%81%E3%82%84%E3%81%99.pdf,330-0834,埼玉県さいたま市大宮区天沼町2-323,さいたま市,埼玉県,埼玉県,35.899437,139.638,埼玉県さいたま市大宮区天沼町二丁目３２３番地,GSI Address Search,https://ohmiya-h.spec.ed.jp/,1927.0,公立,埼玉県,41.0,44.0,取得済み,41-44,71.1,https://www.pref.saitama.lg.jp/documents/270983/r703_kousotsu_toukei6-10.xlsx,埼玉県公式統計,2025-03
b07cd28800,c67b23a24020,大宮,オオミヤ,普通科,全日制,共学,70.0,https://www.eimeigakuin.jp/%E6%9C%80%E6%96%B0%E7%89%882024%E5%B9%B4%E5%BA%A6%E5%8F%97%E9%A8%93%E7%94%A8%E5%85%AC%E7%AB%8B%E7%A7%81%E7%AB%8B%E9%AB%98%E6%A0%A1%E5%90%88%E6%A0%BC%E5%9F%BA%E6%BA%96%E4%B8%80%E8%A6%A7%E8%A1%A8/,44.0,https://www.eimeigakuin.jp/%E6%9C%80%E6%96%B0%E7%89%882024%E5%B9%B4%E5%BA%A6%E5%8F%97%E9%A8%93%E7%94%A8%E5%85%AC%E7%AB%8B%E7%A7%81%E7%AB%8B%E9%AB%98%E6%A0%A1%E5%90%88%E6%A0%BC%E5%9F%BA%E6%BA%96%E4%B8%80%E8%A6%A7%E8%A1%A8/,330-0834,埼玉県さいたま市大宮区天沼町2-323,さいたま市,埼玉県,埼玉県,35.899437,139.638,埼玉県さいたま市大宮区天沼町二丁目３２３番地,GSI Address Search,https://ohmiya-h.spec.ed.jp/,1927.0,公立,埼玉県,44.0,44.0,取得済み,44.0,81.6,https://www.pref.saitama.lg.jp/documents/270983/r703_kousotsu_toukei6-10.xlsx,埼玉県公式統計,2025-03
c0f08eb38d,e3fb3cc7dc99,浦和,ウラワ,普通科,全日制,男子校,70.0,https://www.eimeigakuin.jp/%E6%9C%80%E6%96%B0%E7%89%882024%E5%B9%B4%E5%BA%A6%E5%8F%97%E9%A8%93%E7%94%A8%E5%85%AC%E7%AB%8B%E7%A7%81%E7%AB%8B%E9%AB%98%E6%A0%A1%E5%90%88%E6%A0%BC%E5%9F%BA%E6%BA%96%E4%B8%80%E8%A6%A7%E8%A1%A8/,44.0,https://www.eimeigakuin.jp/%E6%9C%80%E6%96%B0%E7%89%882024%E5%B9%B4%E5%BA%A6%E5%8F%97%E9%A8%93%E7%94%A8%E5%85%AC%E7%AB%8B%E7%A7%81%E7%AB%8B%E9%AB%98%E6%A0%A1%E5%90%88%E6%A0%BC%E5%9F%BA%E6%BA%96%E4%B8%80%E8%A6%A7%E8%A1%A8/,330-9330,埼玉県さいたま市浦和区領家5-3-3,さいたま市,埼玉県,埼玉県,35.878254,139.650696,埼玉県さいたま市浦和区領家五丁目３番３号,GSI Address Search,https://urawa-h.spec.ed.jp/,1895.0,公立,埼玉県,44.0,44.0,取得済み,44.0,43.2,https://www.pref.saitama.lg.jp/documents/270983/r703_kousotsu_toukei6-10.xlsx,埼玉県公式統計,2025-03
70e57137ed,f944eadbca66,浦和第一女子,ウラワダイイチジョシ,普通科,全日制,女子校,69.0,https://www.eimeigakuin.jp/%E6%9C%80%E6%96%B0%E7%89%882024%E5%B9%B4%E5%BA%A6%E5%8F%97%E9%A8%93%E7%94%A8%E5%85%AC%E7%AB%8B%E7%A7%81%E7%AB%8B%E9%AB%98%E6%A0%A1%E5%90%88%E6%A0%BC%E5%9F%BA%E6%BA%96%E4%B8%80%E8%A6%A7%E8%A1%A8/,40-43,https://www.rinkaiseminar.co.jp/wp-content/uploads/2025/07/%E5%9F%BC%E7%8E%89%E3%80%80%E5%8B%9F%E9%9B%86%E4%BA%BA%E5%93%A1%E3%81%A8%E5%8F%97%E9%A8%93%E3%81%AE%E3%82%81%E3%82%84%E3%81%99.pdf,330-0064,埼玉県さいたま市浦和区岸町3-8-45,さいたま市,埼玉県,埼玉県,35.852985,139.659515,埼玉県さいたま市浦和区岸町三丁目８番４５号,GSI Address Search,https://urawaichijo-h.spec.ed.jp/,1900.0,公立,埼玉県,40.0,43.0,取得済み,40-43,77.6,https://www.pref.saitama.lg.jp/documents/270983/r703_kousotsu_toukei6-10.xlsx,埼玉県公式統計,2025-03
ce93fbec15,c8ab08cd96a7,市立浦和,ウラワ,普通科,全日制,共学,67.0,https://www.eimeigakuin.jp/%E6%9C%80%E6%96%B0%E7%89%882024%E5%B9%B4%E5%BA%A6%E5%8F%97%E9%A8%93%E7%94%A8%E5%85%AC%E7%AB%8B%E7%A7%81%E7%AB%8B%E9%AB%98%E6%A0%A1%E5%90%88%E6%A0%BC%E5%9F%BA%E6%BA%96%E4%B8%80%E8%A6%A7%E8%A1%A8/,39-41,https://www.rinkaiseminar.co.jp/wp-content/uploads/2025/07/%E5%9F%BC%E7%8E%89%E3%80%80%E5%8B%9F%E9%9B%86%E4%BA%BA%E5%93%A1%E3%81%A8%E5%8F%97%E9%A8%93%E3%81%AE%E3%82%81%E3%82%84%E3%81%99.pdf,330-0073,埼玉県さいたま市浦和区元町1-28-17,さいたま市,埼玉県,埼玉県,35.871677,139.656754,埼玉県さいたま市浦和区元町一丁目２８番１７号,GSI Address Search,https://www.urawashi-h.city-saitama.ed.jp/,,公立,埼玉県,39.0,41.0,取得済み,39-41,84.6,https://www.pref.saitama.lg.jp/documents/270983/r703_kousotsu_toukei6-10.xlsx,埼玉県公式統計,2025-03
005b4f5a52,106b98133669,川越,カワゴエ,普通科,全日制,男子校,66.0,https://www.eimeigakuin.jp/%E6%9C%80%E6%96%B0%E7%89%882024%E5%B9%B4%E5%BA%A6%E5%8F%97%E9%A8%93%E7%94%A8%E5%85%AC%E7%AB%8B%E7%A7%81%E7%AB%8B%E9%AB%98%E6%A0%A1%E5%90%88%E6%A0%BC%E5%9F%BA%E6%BA%96%E4%B8%80%E8%A6%A7%E8%A1%A8/,40.0,https://www.eimeigakuin.jp/%E6%9C%80%E6%96%B0%E7%89%882024%E5%B9%B4%E5%BA%A6%E5%8F%97%E9%A8%93%E7%94%A8%E5%85%AC%E7%AB%8B%E7%A7%81%E7%AB%8B%E9%AB%98%E6%A0%A1%E5%90%88%E6%A0%BC%E5%9F%BA%E6%BA%96%E4%B8%80%E8%A6%A7%E8%A1%A8/,350-0053,埼玉県川越市郭町2-6,川越市,埼玉県,埼玉県,35.923931,139.489914,埼玉県川越市郭町二丁目６番,GSI Address Search,https://kawagoe-h.spec.ed.jp/,1899.0,公立,埼玉県,40.0,40.0,取得済み,40.0,64.2,https://www.pref.saitama.lg.jp/documents/270983/r703_kousotsu_toukei6-10.xlsx,埼玉県公式統計,2025-03
f0068417fb,d4c1cb50a392,川越女子,カワゴエジョシ,普通科,全日制,女子校,65.0,https://www.eimeigakuin.jp/%E6%9C%80%E6%96%B0%E7%89%882024%E5%B9%B4%E5%BA%A6%E5%8F%97%E9%A8%93%E7%94%A8%E5%85%AC%E7%AB%8B%E7%A7%81%E7%AB%8B%E9%AB%98%E6%A0%A1%E5%90%88%E6%A0%BC%E5%9F%BA%E6%BA%96%E4%B8%80%E8%A6%A7%E8%A1%A8/,38-40,https://www.rinkaiseminar.co.jp/wp-content/uploads/2025/07/%E5%9F%BC%E7%8E%89%E3%80%80%E5%8B%9F%E9%9B%86%E4%BA%BA%E5%93%A1%E3%81%A8%E5%8F%97%E9%A8%93%E3%81%AE%E3%82%81%E3%82%84%E3%81%99.pdf,350-0041,埼玉県川越市六軒町1-23,川越市,埼玉県,埼玉県,35.915379,139.478912,埼玉県川越市六軒町一丁目２３番,GSI Address Search,https://kawagoejoshi-h.spec.ed.jp/,1906.0,公立,埼玉県,38.0,40.0,取得済み,38-40,85.4,https://www.pref.saitama.lg.jp/documents/270983/r703_kousotsu_toukei6-10.xlsx,埼玉県公式統計,2025-03
a2ca2baa72,42b7c6bb0849,所沢北,トコロザワキタ,理数科,全日制,共学,65.0,https://www.eimeigakuin.jp/%E6%9C%80%E6%96%B0%E7%89%882024%E5%B9%B4%E5%BA%A6%E5%8F%97%E9%A8%93%E7%94%A8%E5%85%AC%E7%AB%8B%E7%A7%81%E7%AB%8B%E9%AB%98%E6%A0%A1%E5%90%88%E6%A0%BC%E5%9F%BA%E6%BA%96%E4%B8%80%E8%A6%A7%E8%A1%A8/,38-40,https://www.rinkaiseminar.co.jp/wp-content/uploads/2025/07/%E5%9F%BC%E7%8E%89%E3%80%80%E5%8B%9F%E9%9B%86%E4%BA%BA%E5%93%A1%E3%81%A8%E5%8F%97%E9%A8%93%E3%81%AE%E3%82%81%E3%82%84%E3%81%99.pdf,359-0042,埼玉県所沢市並木5-4,所沢市,埼玉県,埼玉県,35.811848,139.462997,埼玉県所沢市並木五丁目４番,GSI Address Search,https://tokokita-h.spec.ed.jp/,1974.0,公立,埼玉県,38.0,40.0,取得済み,38-40,92.5,https://www.pref.saitama.lg.jp/documents/270983/r703_kousotsu_toukei6-10.xlsx,埼玉県公式統計,2025-03
c1553040f3,ec4b2100cdaa,蕨,ワラビ,普通科,全日制,共学,64.0,https://www.eimeigakuin.jp/%E6%9C%80%E6%96%B0%E7%89%882024%E5%B9%B4%E5%BA%A6%E5%8F%97%E9%A8%93%E7%94%A8%E5%85%AC%E7%AB%8B%E7%A7%81%E7%AB%8B%E9%AB%98%E6%A0%A1%E5%90%88%E6%A0%BC%E5%9F%BA%E6%BA%96%E4%B8%80%E8%A6%A7%E8%A1%A8/,39.0,https://www.eimeigakuin.jp/%E6%9C%80%E6%96%B0%E7%89%882024%E5%B9%B4%E5%BA%A6%E5%8F%97%E9%A8%93%E7%94%A8%E5%85%AC%E7%AB%8B%E7%A7%81%E7%AB%8B%E9%AB%98%E6%A0%A1%E5%90%88%E6%A0%BC%E5%9F%BA%E6%BA%96%E4%B8%80%E8%A6%A7%E8%A1%A8/,335-0001,埼玉県蕨市北町5-3-8,蕨市,埼玉県,埼玉県,35.831882,139.673965,埼玉県蕨市北町五丁目３番８号,GSI Address Search,https://warabi-h.spec.ed.jp/,,公立,埼玉県,39.0,39.0,取得済み,39.0,91.3,https://www.pref.saitama.lg.jp/documents/270983/r703_kousotsu_toukei6-10.xlsx,埼玉県公式統計,2025-03
4c7fc4d81c,ce2adfe734d5,浦和西,ウラワニシ,普通科,全日制,共学,63.0,https://www.eimeigakuin.jp/%E6%9C%80%E6%96%B0%E7%89%882024%E5%B9%B4%E5%BA%A6%E5%8F%97%E9%A8%93%E7%94%A8%E5%85%AC%E7%AB%8B%E7%A7%81%E7%AB%8B%E9%AB%98%E6%A0%A1%E5%90%88%E6%A0%BC%E5%9F%BA%E6%BA%96%E4%B8%80%E8%A6%A7%E8%A1%A8/,37-39,https://www.rinkaiseminar.co.jp/wp-content/uploads/2025/07/%E5%9F%BC%E7%8E%89%E3%80%80%E5%8B%9F%E9%9B%86%E4%BA%BA%E5%93%A1%E3%81%A8%E5%8F%97%E9%A8%93%E3%81%AE%E3%82%81%E3%82%84%E3%81%99.pdf,330-0042,埼玉県さいたま市浦和区木崎3-1-1,さいたま市,埼玉県,埼玉県,35.888409,139.654541,埼玉県さいたま市浦和区木崎三丁目１番１号,GSI Address Search,https://urawanishi-h.spec.ed.jp/,1934.0,公立,埼玉県,37.0,39.0,取得済み,37-39,85.8,https://www.pref.saitama.lg.jp/documents/270983/r703_kousotsu_toukei6-10.xlsx,埼玉県公式統計,2025-03
c1553040f3,9fe3627a9f6e,蕨,ワラビ,外国語科,全日制,共学,63.0,https://www.eimeigakuin.jp/%E6%9C%80%E6%96%B0%E7%89%882024%E5%B9%B4%E5%BA%A6%E5%8F%97%E9%A8%93%E7%94%A8%E5%85%AC%E7%AB%8B%E7%A7%81%E7%AB%8B%E9%AB%98%E6%A0%A1%E5%90%88%E6%A0%BC%E5%9F%BA%E6%BA%96%E4%B8%80%E8%A6%A7%E8%A1%A8/,28-31,https://www.rinkaiseminar.co.jp/wp-content/uploads/2025/07/%E5%9F%BC%E7%8E%89%E3%80%80%E5%8B%9F%E9%9B%86%E4%BA%BA%E5%93%A1%E3%81%A8%E5%8F%97%E9%A8%93%E3%81%AE%E3%82%81%E3%82%84%E3%81%99.pdf,335-0001,埼玉県蕨市北町5-3-8,蕨市,埼玉県,埼玉県,35.831882,139.673965,埼玉県蕨市北町五丁目３番８号,GSI Address Search,https://warabi-h.spec.ed.jp/,,公立,埼玉県,28.0,31.0,取得済み,28-31,94.7,https://www.pref.saitama.lg.jp/documents/270983/r703_kousotsu_toukei6-10.xlsx,埼玉県公式統計,2025-03
ff8572a8e0,55f19d08553f,大宮北,オオミヤキタ,理数科,全日制,共学,62.0,https://www.eimeigakuin.jp/%E6%9C%80%E6%96%B0%E7%89%882024%E5%B9%B4%E5%BA%A6%E5%8F%97%E9%A8%93%E7%94%A8%E5%85%AC%E7%AB%8B%E7%A7%81%E7%AB%8B%E9%AB%98%E6%A0%A1%E5%90%88%E6%A0%BC%E5%9F%BA%E6%BA%96%E4%B8%80%E8%A6%A7%E8%A1%A8/,38.0,https://www.eimeigakuin.jp/%E6%9C%80%E6%96%B0%E7%89%882024%E5%B9%B4%E5%BA%A6%E5%8F%97%E9%A8%93%E7%94%A8%E5%85%AC%E7%AB%8B%E7%A7%81%E7%AB%8B%E9%AB%98%E6%A0%A1%E5%90%88%E6%A0%BC%E5%9F%BA%E6%BA%96%E4%B8%80%E8%A6%A7%E8%A1%A8/,331-0822,埼玉県さいたま市北区奈良町91-1,さいたま市,埼玉県,埼玉県,35.945126,139.600967,埼玉県さいたま市北区奈良町９１番,GSI Address Search,https://www.ohmiyakita-h.ed.jp/,1956.0,公立,さいたま市,38.0,38.0,取得済み,38.0,85.4,https://www.pref.saitama.lg.jp/documents/270983/r703_kousotsu_toukei6-10.xlsx,埼玉県公式統計,2025-03
a2ca2baa72,b67f6d0b56c9,所沢北,トコロザワキタ,普通科,全日制,共学,62.0,https://www.eimeigakuin.jp/%E6%9C%80%E6%96%B0%E7%89%882024%E5%B9%B4%E5%BA%A6%E5%8F%97%E9%A8%93%E7%94%A8%E5%85%AC%E7%AB%8B%E7%A7%81%E7%AB%8B%E9%AB%98%E6%A0%A1%E5%90%88%E6%A0%BC%E5%9F%BA%E6%BA%96%E4%B8%80%E8%A6%A7%E8%A1%A8/,38.0,https://www.eimeigakuin.jp/%E6%9C%80%E6%96%B0%E7%89%882024%E5%B9%B4%E5%BA%A6%E5%8F%97%E9%A8%93%E7%94%A8%E5%85%AC%E7%AB%8B%E7%A7%81%E7%AB%8B%E9%AB%98%E6%A0%A1%E5%90%88%E6%A0%BC%E5%9F%BA%E6%BA%96%E4%B8%80%E8%A6%A7%E8%A1%A8/,359-0042,埼玉県所沢市並木5-4,所沢市,埼玉県,埼玉県,35.811848,139.462997,埼玉県所沢市並木五丁目４番,GSI Address Search,https://tokokita-h.spec.ed.jp/,1974.0,公立,埼玉県,38.0,38.0,取得済み,38.0,87.5,https://www.pref.saitama.lg.jp/documents/270983/r703_kousotsu_toukei6-10.xlsx,埼玉県公式統計,2025-03
a7c8ee916a,9481b63ec268,川口市立,カワグチ,理数科,全日制,共学,62.0,https://www.eimeigakuin.jp/%E6%9C%80%E6%96%B0%E7%89%882024%E5%B9%B4%E5%BA%A6%E5%8F%97%E9%A8%93%E7%94%A8%E5%85%AC%E7%AB%8B%E7%A7%81%E7%AB%8B%E9%AB%98%E6%A0%A1%E5%90%88%E6%A0%BC%E5%9F%BA%E6%BA%96%E4%B8%80%E8%A6%A7%E8%A1%A8/,38.0,https://www.eimeigakuin.jp/%E6%9C%80%E6%96%B0%E7%89%882024%E5%B9%B4%E5%BA%A6%E5%8F%97%E9%A8%93%E7%94%A8%E5%85%AC%E7%AB%8B%E7%A7%81%E7%AB%8B%E9%AB%98%E6%A0%A1%E5%90%88%E6%A0%BC%E5%9F%BA%E6%BA%96%E4%B8%80%E8%A6%A7%E8%A1%A8/,333-0844,埼玉県川口市上青木3-1-40,川口市,埼玉県,埼玉県,35.827251,139.718979,埼玉県川口市上青木三丁目１番４０号,GSI Address Search,https://kawaguchicity-hs.ed.jp/,2018.0,公立,埼玉県,38.0,38.0,取得済み,38.0,78.9,https://www.pref.saitama.lg.jp/documents/270983/r703_kousotsu_toukei6-10.xlsx,埼玉県公式統計,2025-03
6d4dc2c4e4,41acae60453d,和光国際,ワコウコクサイ,外国語科,全日制,共学,61.0,https://www.eimeigakuin.jp/%E6%9C%80%E6%96%B0%E7%89%882024%E5%B9%B4%E5%BA%A6%E5%8F%97%E9%A8%93%E7%94%A8%E5%85%AC%E7%AB%8B%E7%A7%81%E7%AB%8B%E9%AB%98%E6%A0%A1%E5%90%88%E6%A0%BC%E5%9F%BA%E6%BA%96%E4%B8%80%E8%A6%A7%E8%A1%A8/,41,https://www.ko-jukennavi.net/nyushi/hensachi/saitama/,351-0106,埼玉県和光市広沢4-1,和光市,埼玉県,埼玉県,35.778374,139.602661,埼玉県和光市広沢４番,GSI Address Search,https://wakoku-h.spec.ed.jp/,,公立,埼玉県,41.0,41.0,取得済み,41,85.5,https://www.pref.saitama.lg.jp/documents/270983/r703_kousotsu_toukei6-10.xlsx,埼玉県公式統計,2025-03
e7259bff15,098bf5900063,川口北,カワグチキタ,普通科,全日制,共学,60.0,https://www.eimeigakuin.jp/%E6%9C%80%E6%96%B0%E7%89%882024%E5%B9%B4%E5%BA%A6%E5%8F%97%E9%A8%93%E7%94%A8%E5%85%AC%E7%AB%8B%E7%A7%81%E7%AB%8B%E9%AB%98%E6%A0%A1%E5%90%88%E6%A0%BC%E5%9F%BA%E6%BA%96%E4%B8%80%E8%A6%A7%E8%A1%A8/,37.0,https://www.eimeigakuin.jp/%E6%9C%80%E6%96%B0%E7%89%882024%E5%B9%B4%E5%BA%A6%E5%8F%97%E9%A8%93%E7%94%A8%E5%85%AC%E7%AB%8B%E7%A7%81%E7%AB%8B%E9%AB%98%E6%A0%A1%E5%90%88%E6%A0%BC%E5%9F%BA%E6%BA%96%E4%B8%80%E8%A6%A7%E8%A1%A8/,333-0831,埼玉県川口市木曽呂1477,川口市,埼玉県,埼玉県,35.859192,139.714157,埼玉県川口市木曽呂１４７７番地,GSI Address Search,https://kawaguchikita-h.spec.ed.jp/,,公立,埼玉県,37.0,37.0,取得済み,37.0,88.8,https://www.pref.saitama.lg.jp/documents/270983/r703_kousotsu_toukei6-10.xlsx,埼玉県公式統計,2025-03
6d4dc2c4e4,0995abea5c6a,和光国際,ワコウコクサイ,普通科,全日制,共学,60.0,https://www.eimeigakuin.jp/%E6%9C%80%E6%96%B0%E7%89%882024%E5%B9%B4%E5%BA%A6%E5%8F%97%E9%A8%93%E7%94%A8%E5%85%AC%E7%AB%8B%E7%A7%81%E7%AB%8B%E9%AB%98%E6%A0%A1%E5%90%88%E6%A0%BC%E5%9F%BA%E6%BA%96%E4%B8%80%E8%A6%A7%E8%A1%A8/,37.0,https://www.eimeigakuin.jp/%E6%9C%80%E6%96%B0%E7%89%882024%E5%B9%B4%E5%BA%A6%E5%8F%97%E9%A8%93%E7%94%A8%E5%85%AC%E7%AB%8B%E7%A7%81%E7%AB%8B%E9%AB%98%E6%A0%A1%E5%90%88%E6%A0%BC%E5%9F%BA%E6%BA%96%E4%B8%80%E8%A6%A7%E8%A1%A8/,351-0106,埼玉県和光市広沢4-1,和光市,埼玉県,埼玉県,35.778374,139.602661,埼玉県和光市広沢４番,GSI Address Search,https://wakoku-h.spec.ed.jp/,,公立,埼玉県,37.0,37.0,取得済み,37.0,91.7,https://www.pref.saitama.lg.jp/documents/270983/r703_kousotsu_toukei6-10.xlsx,埼玉県公式統計,2025-03
a7c8ee916a,15dd0c8f0199,川口市立,カワグチ,普通科,全日制,共学,60.0,https://www.eimeigakuin.jp/%E6%9C%80%E6%96%B0%E7%89%882024%E5%B9%B4%E5%BA%A6%E5%8F%97%E9%A8%93%E7%94%A8%E5%85%AC%E7%AB%8B%E7%A7%81%E7%AB%8B%E9%AB%98%E6%A0%A1%E5%90%88%E6%A0%BC%E5%9F%BA%E6%BA%96%E4%B8%80%E8%A6%A7%E8%A1%A8/,37.0,https://www.eimeigakuin.jp/%E6%9C%80%E6%96%B0%E7%89%882024%E5%B9%B4%E5%BA%A6%E5%8F%97%E9%A8%93%E7%94%A8%E5%85%AC%E7%AB%8B%E7%A7%81%E7%AB%8B%E9%AB%98%E6%A0%A1%E5%90%88%E6%A0%BC%E5%9F%BA%E6%BA%96%E4%B8%80%E8%A6%A7%E8%A1%A8/,333-0844,埼玉県川口市上青木3-1-40,川口市,埼玉県,埼玉県,35.827251,139.718979,埼玉県川口市上青木三丁目１番４０号,GSI Address Search,https://kawaguchicity-hs.ed.jp/,2018.0,公立,埼玉県,37.0,37.0,取得済み,37.0,89.0,https://www.pref.saitama.lg.jp/documents/270983/r703_kousotsu_toukei6-10.xlsx,埼玉県公式統計,2025-03
ff8572a8e0,8042f70556ef,大宮北,オオミヤキタ,普通科,全日制,共学,60.0,https://www.eimeigakuin.jp/%E6%9C%80%E6%96%B0%E7%89%882024%E5%B9%B4%E5%BA%A6%E5%8F%97%E9%A8%93%E7%94%A8%E5%85%AC%E7%AB%8B%E7%A7%81%E7%AB%8B%E9%AB%98%E6%A0%A1%E5%90%88%E6%A0%BC%E5%9F%BA%E6%BA%96%E4%B8%80%E8%A6%A7%E8%A1%A8/,37.0,https://www.eimeigakuin.jp/%E6%9C%80%E6%96%B0%E7%89%882024%E5%B9%B4%E5%BA%A6%E5%8F%97%E9%A8%93%E7%94%A8%E5%85%AC%E7%AB%8B%E7%A7%81%E7%AB%8B%E9%AB%98%E6%A0%A1%E5%90%88%E6%A0%BC%E5%9F%BA%E6%BA%96%E4%B8%80%E8%A6%A7%E8%A1%A8/,331-0822,埼玉県さいたま市北区奈良町91-1,さいたま市,埼玉県,埼玉県,35.945126,139.600967,埼玉県さいたま市北区奈良町９１番,GSI Address Search,https://www.ohmiyakita-h.ed.jp/,1956.0,公立,さいたま市,37.0,37.0,取得済み,37.0,91.4,https://www.pref.saitama.lg.jp/documents/270983/r703_kousotsu_toukei6-10.xlsx,埼玉県公式統計,2025-03
0d6d072b5b,4d3472327acd,川越南,カワゴエミナミ,普通科,全日制,共学,59.0,https://www.eimeigakuin.jp/%E6%9C%80%E6%96%B0%E7%89%882024%E5%B9%B4%E5%BA%A6%E5%8F%97%E9%A8%93%E7%94%A8%E5%85%AC%E7%AB%8B%E7%A7%81%E7%AB%8B%E9%AB%98%E6%A0%A1%E5%90%88%E6%A0%BC%E5%9F%BA%E6%BA%96%E4%B8%80%E8%A6%A7%E8%A1%A8/,34-37,https://www.rinkaiseminar.co.jp/wp-content/uploads/2025/07/%E5%9F%BC%E7%8E%89%E3%80%80%E5%8B%9F%E9%9B%86%E4%BA%BA%E5%93%A1%E3%81%A8%E5%8F%97%E9%A8%93%E3%81%AE%E3%82%81%E3%82%84%E3%81%99.pdf,350-1162,埼玉県川越市南大塚1-21-1,川越市,埼玉県,埼玉県,35.898556,139.452225,埼玉県川越市南大塚一丁目２１番,GSI Address Search,https://kawagoeminami-h.spec.ed.jp/,,公立,埼玉県,34.0,37.0,取得済み,34-37,89.2,https://www.pref.saitama.lg.jp/documents/270983/r703_kousotsu_toukei6-10.xlsx,埼玉県公式統計,2025-03
9ebcc7d109,b883efdcb508,松山,マツヤマ,理数科,全日制,男子校,59.0,https://www.eimeigakuin.jp/%E6%9C%80%E6%96%B0%E7%89%882024%E5%B9%B4%E5%BA%A6%E5%8F%97%E9%A8%93%E7%94%A8%E5%85%AC%E7%AB%8B%E7%A7%81%E7%AB%8B%E9%AB%98%E6%A0%A1%E5%90%88%E6%A0%BC%E5%9F%BA%E6%BA%96%E4%B8%80%E8%A6%A7%E8%A1%A8/,34-36,https://www.rinkaiseminar.co.jp/wp-content/uploads/2025/07/%E5%9F%BC%E7%8E%89%E3%80%80%E5%8B%9F%E9%9B%86%E4%BA%BA%E5%93%A1%E3%81%A8%E5%8F%97%E9%A8%93%E3%81%AE%E3%82%81%E3%82%84%E3%81%99.pdf,355-0018,埼玉県東松山市松山町1-6-10,東松山市,埼玉県,埼玉県,36.044655,139.396973,埼玉県東松山市松山町一丁目６番１０号,GSI Address Search,https://matsuyama-h.spec.ed.jp/,,公立,埼玉県,34.0,36.0,取得済み,34-36,53.8,https://www.pref.saitama.lg.jp/documents/270983/r703_kousotsu_toukei6-10.xlsx,埼玉県公式統計,2025-03
71d4296b90,5a20d7b51aa5,所沢,トコロザワ,普通科,全日制,共学,58.0,https://www.eimeigakuin.jp/%E6%9C%80%E6%96%B0%E7%89%882024%E5%B9%B4%E5%BA%A6%E5%8F%97%E9%A8%93%E7%94%A8%E5%85%AC%E7%AB%8B%E7%A7%81%E7%AB%8B%E9%AB%98%E6%A0%A1%E5%90%88%E6%A0%BC%E5%9F%BA%E6%BA%96%E4%B8%80%E8%A6%A7%E8%A1%A8/,35.0,https://www.eimeigakuin.jp/%E6%9C%80%E6%96%B0%E7%89%882024%E5%B9%B4%E5%BA%A6%E5%8F%97%E9%A8%93%E7%94%A8%E5%85%AC%E7%AB%8B%E7%A7%81%E7%AB%8B%E9%AB%98%E6%A0%A1%E5%90%88%E6%A0%BC%E5%9F%BA%E6%BA%96%E4%B8%80%E8%A6%A7%E8%A1%A8/,359-1131,埼玉県所沢市久米1234,所沢市,埼玉県,埼玉県,35.784279,139.460739,埼玉県所沢市久米１２３４番地,GSI Address Search,https://tokorozawa-h.spec.ed.jp/,1898.0,公立,埼玉県,35.0,35.0,取得済み,35.0,85.8,https://www.pref.saitama.lg.jp/documents/270983/r703_kousotsu_toukei6-10.xlsx,埼玉県公式統計,2025-03
66d9c4d7b0,0f7d1000c45a,浦和南,ウラワミナミ,普通科,全日制,共学,58.0,https://www.eimeigakuin.jp/%E6%9C%80%E6%96%B0%E7%89%882024%E5%B9%B4%E5%BA%A6%E5%8F%97%E9%A8%93%E7%94%A8%E5%85%AC%E7%AB%8B%E7%A7%81%E7%AB%8B%E9%AB%98%E6%A0%A1%E5%90%88%E6%A0%BC%E5%9F%BA%E6%BA%96%E4%B8%80%E8%A6%A7%E8%A1%A8/,35.0,https://www.eimeigakuin.jp/%E6%9C%80%E6%96%B0%E7%89%882024%E5%B9%B4%E5%BA%A6%E5%8F%97%E9%A8%93%E7%94%A8%E5%85%AC%E7%AB%8B%E7%A7%81%E7%AB%8B%E9%AB%98%E6%A0%A1%E5%90%88%E6%A0%BC%E5%9F%BA%E6%BA%96%E4%B8%80%E8%A6%A7%E8%A1%A8/,336-0026,埼玉県さいたま市南区辻6-5-31,さいたま市,埼玉県,埼玉県,35.832825,139.656631,埼玉県さいたま市南区辻六丁目５番３１号,GSI Address Search,https://www.urawaminami-h.city-saitama.ed.jp/,,公立,さいたま市,35.0,35.0,取得済み,35.0,90.3,https://www.pref.saitama.lg.jp/documents/270983/r703_kousotsu_toukei6-10.xlsx,埼玉県公式統計,2025-03
aabf820bdf,38d95892eed7,伊奈学園総合,イナガクエンソウゴウ,普通科,全日制,共学,57.0,https://www.eimeigakuin.jp/%E6%9C%80%E6%96%B0%E7%89%882024%E5%B9%B4%E5%BA%A6%E5%8F%97%E9%A8%93%E7%94%A8%E5%85%AC%E7%AB%8B%E7%A7%81%E7%AB%8B%E9%AB%98%E6%A0%A1%E5%90%88%E6%A0%BC%E5%9F%BA%E6%BA%96%E4%B8%80%E8%A6%A7%E8%A1%A8/,35,https://www.ko-jukennavi.net/nyushi/hensachi/saitama/,362-0813,埼玉県伊奈町学園4-1-1,伊奈町,埼玉県,埼玉県,36.014511,139.612885,埼玉県伊奈町学園四丁目１番地,GSI Address Search,https://inagakuen.spec.ed.jp/,,公立,埼玉県,35.0,35.0,取得済み,35,81.2,https://www.pref.saitama.lg.jp/documents/270983/r703_kousotsu_toukei6-10.xlsx,埼玉県公式統計,2025-03
6703e4da94,7fe5e1df3b82,与野,ヨノ,普通科,全日制,共学,56.0,https://www.eimeigakuin.jp/%E6%9C%80%E6%96%B0%E7%89%882024%E5%B9%B4%E5%BA%A6%E5%8F%97%E9%A8%93%E7%94%A8%E5%85%AC%E7%AB%8B%E7%A7%81%E7%AB%8B%E9%AB%98%E6%A0%A1%E5%90%88%E6%A0%BC%E5%9F%BA%E6%BA%96%E4%B8%80%E8%A6%A7%E8%A1%A8/,34.0,https://www.eimeigakuin.jp/%E6%9C%80%E6%96%B0%E7%89%882024%E5%B9%B4%E5%BA%A6%E5%8F%97%E9%A8%93%E7%94%A8%E5%85%AC%E7%AB%8B%E7%A7%81%E7%AB%8B%E9%AB%98%E6%A0%A1%E5%90%88%E6%A0%BC%E5%9F%BA%E6%BA%96%E4%B8%80%E8%A6%A7%E8%A1%A8/,338-0004,埼玉県さいたま市中央区本町西2-8-1,さいたま市,埼玉県,埼玉県,35.884277,139.61792,埼玉県さいたま市中央区本町西二丁目８番,GSI Address Search,https://yono-h.spec.ed.jp/,,公立,埼玉県,34.0,34.0,取得済み,34.0,86.3,https://www.pref.saitama.lg.jp/documents/270983/r703_kousotsu_toukei6-10.xlsx,埼玉県公式統計,2025-03
d8ad7c2842,6f4baa249a6c,市立川越,カワゴエ,普通科,全日制,共学,56.0,https://www.eimeigakuin.jp/%E6%9C%80%E6%96%B0%E7%89%882024%E5%B9%B4%E5%BA%A6%E5%8F%97%E9%A8%93%E7%94%A8%E5%85%AC%E7%AB%8B%E7%A7%81%E7%AB%8B%E9%AB%98%E6%A0%A1%E5%90%88%E6%A0%BC%E5%9F%BA%E6%BA%96%E4%B8%80%E8%A6%A7%E8%A1%A8/,34.0,https://www.eimeigakuin.jp/%E6%9C%80%E6%96%B0%E7%89%882024%E5%B9%B4%E5%BA%A6%E5%8F%97%E9%A8%93%E7%94%A8%E5%85%AC%E7%AB%8B%E7%A7%81%E7%AB%8B%E9%AB%98%E6%A0%A1%E5%90%88%E6%A0%BC%E5%9F%BA%E6%BA%96%E4%B8%80%E8%A6%A7%E8%A1%A8/,350-1126,埼玉県川越市旭町2-3-7,川越市,埼玉県,埼玉県,35.899189,139.474304,埼玉県川越市旭町二丁目３番,GSI Address Search,https://www.city.kawagoe.saitama.jp/kurashi/bunkakyoyo/koedo100/course/siritukawagoekoko.html,,公立,埼玉県,34.0,34.0,取得済み,34.0,73.7,https://www.pref.saitama.lg.jp/documents/270983/r703_kousotsu_toukei6-10.xlsx,埼玉県公式統計,2025-03
295f1c2062,678f9bcdf9b3,坂戸,サカド,外国語科,全日制,共学,55.0,https://www.eimeigakuin.jp/%E6%9C%80%E6%96%B0%E7%89%882024%E5%B9%B4%E5%BA%A6%E5%8F%97%E9%A8%93%E7%94%A8%E5%85%AC%E7%AB%8B%E7%A7%81%E7%AB%8B%E9%AB%98%E6%A0%A1%E5%90%88%E6%A0%BC%E5%9F%BA%E6%BA%96%E4%B8%80%E8%A6%A7%E8%A1%A8/,35,https://www.ko-jukennavi.net/nyushi/hensachi/saitama/,350-0271,埼玉県坂戸市上吉田586,坂戸市,埼玉県,埼玉県,35.98243,139.401978,埼玉県坂戸市上吉田５８６番地,GSI Address Search,https://sakado-h.spec.ed.jp/,,公立,埼玉県,35.0,35.0,取得済み,35,80.5,https://www.pref.saitama.lg.jp/documents/270983/r703_kousotsu_toukei6-10.xlsx,埼玉県公式統計,2025-03
ada5b45e3f,2d93eb07d9db,浦和北,ウラワキタ,普通科,全日制,共学,55.0,https://www.eimeigakuin.jp/%E6%9C%80%E6%96%B0%E7%89%882024%E5%B9%B4%E5%BA%A6%E5%8F%97%E9%A8%93%E7%94%A8%E5%85%AC%E7%AB%8B%E7%A7%81%E7%AB%8B%E9%AB%98%E6%A0%A1%E5%90%88%E6%A0%BC%E5%9F%BA%E6%BA%96%E4%B8%80%E8%A6%A7%E8%A1%A8/,31-33,https://www.rinkaiseminar.co.jp/wp-content/uploads/2025/07/%E5%9F%BC%E7%8E%89%E3%80%80%E5%8B%9F%E9%9B%86%E4%BA%BA%E5%93%A1%E3%81%A8%E5%8F%97%E9%A8%93%E3%81%AE%E3%82%81%E3%82%84%E3%81%99.pdf,338-0815,埼玉県さいたま市桜区五関595,さいたま市,埼玉県,埼玉県,35.866837,139.594162,埼玉県さいたま市桜区五関５９５番地,GSI Address Search,https://urawakita-h.spec.ed.jp/,,公立,埼玉県,31.0,33.0,取得済み,31-33,84.3,https://www.pref.saitama.lg.jp/documents/270983/r703_kousotsu_toukei6-10.xlsx,埼玉県公式統計,2025-03
295f1c2062,02db4e922613,坂戸,サカド,普通科,全日制,共学,55.0,https://www.eimeigakuin.jp/%E6%9C%80%E6%96%B0%E7%89%882024%E5%B9%B4%E5%BA%A6%E5%8F%97%E9%A8%93%E7%94%A8%E5%85%AC%E7%AB%8B%E7%A7%81%E7%AB%8B%E9%AB%98%E6%A0%A1%E5%90%88%E6%A0%BC%E5%9F%BA%E6%BA%96%E4%B8%80%E8%A6%A7%E8%A1%A8/,35,https://www.ko-jukennavi.net/nyushi/hensachi/saitama/,350-0271,埼玉県坂戸市上吉田586,坂戸市,埼玉県,埼玉県,35.98243,139.401978,埼玉県坂戸市上吉田５８６番地,GSI Address Search,https://sakado-h.spec.ed.jp/,,公立,埼玉県,35.0,35.0,取得済み,35,89.0,https://www.pref.saitama.lg.jp/documents/270983/r703_kousotsu_toukei6-10.xlsx,埼玉県公式統計,2025-03
cc1cfdda6e,672c4b85170e,所沢西,トコロザワニシ,普通科,全日制,共学,54.0,https://www.eimeigakuin.jp/%E6%9C%80%E6%96%B0%E7%89%882024%E5%B9%B4%E5%BA%A6%E5%8F%97%E9%A8%93%E7%94%A8%E5%85%AC%E7%AB%8B%E7%A7%81%E7%AB%8B%E9%AB%98%E6%A0%A1%E5%90%88%E6%A0%BC%E5%9F%BA%E6%BA%96%E4%B8%80%E8%A6%A7%E8%A1%A8/,32.0,https://www.eimeigakuin.jp/%E6%9C%80%E6%96%B0%E7%89%882024%E5%B9%B4%E5%BA%A6%E5%8F%97%E9%A8%93%E7%94%A8%E5%85%AC%E7%AB%8B%E7%A7%81%E7%AB%8B%E9%AB%98%E6%A0%A1%E5%90%88%E6%A0%BC%E5%9F%BA%E6%BA%96%E4%B8%80%E8%A6%A7%E8%A1%A8/,359-1155,埼玉県所沢市北野新町2-5-11,所沢市,埼玉県,埼玉県,35.800945,139.426926,埼玉県所沢市北野新町二丁目５番,GSI Address Search,https://tokonishi-h.spec.ed.jp/,,公立,埼玉県,32.0,32.0,取得済み,32.0,75.0,https://www.pref.saitama.lg.jp/documents/270983/r703_kousotsu_toukei6-10.xlsx,埼玉県公式統計,2025-03
30d4d9f935,db2cd58d4f5d,朝霞,アサカ,普通科,全日制,共学,53.0,https://www.eimeigakuin.jp/%E6%9C%80%E6%96%B0%E7%89%882024%E5%B9%B4%E5%BA%A6%E5%8F%97%E9%A8%93%E7%94%A8%E5%85%AC%E7%AB%8B%E7%A7%81%E7%AB%8B%E9%AB%98%E6%A0%A1%E5%90%88%E6%A0%BC%E5%9F%BA%E6%BA%96%E4%B8%80%E8%A6%A7%E8%A1%A8/,31-33,https://www.rinkaiseminar.co.jp/wp-content/uploads/2025/07/%E5%9F%BC%E7%8E%89%E3%80%80%E5%8B%9F%E9%9B%86%E4%BA%BA%E5%93%A1%E3%81%A8%E5%8F%97%E9%A8%93%E3%81%AE%E3%82%81%E3%82%84%E3%81%99.pdf,351-0015,埼玉県朝霞市幸町3-13-65,朝霞市,埼玉県,埼玉県,35.788551,139.589737,埼玉県朝霞市幸町三丁目１３番６５号,GSI Address Search,https://asaka-h.spec.ed.jp/,,公立,埼玉県,31.0,33.0,取得済み,31-33,73.5,https://www.pref.saitama.lg.jp/documents/270983/r703_kousotsu_toukei6-10.xlsx,埼玉県公式統計,2025-03
9ebcc7d109,8e56cdfd0407,松山,マツヤマ,普通科,全日制,男子校,53.0,https://www.eimeigakuin.jp/%E6%9C%80%E6%96%B0%E7%89%882024%E5%B9%B4%E5%BA%A6%E5%8F%97%E9%A8%93%E7%94%A8%E5%85%AC%E7%AB%8B%E7%A7%81%E7%AB%8B%E9%AB%98%E6%A0%A1%E5%90%88%E6%A0%BC%E5%9F%BA%E6%BA%96%E4%B8%80%E8%A6%A7%E8%A1%A8/,32,https://www.ko-jukennavi.net/nyushi/hensachi/saitama/,355-0018,埼玉県東松山市松山町1-6-10,東松山市,埼玉県,埼玉県,36.044655,139.396973,埼玉県東松山市松山町一丁目６番１０号,GSI Address Search,https://matsuyama-h.spec.ed.jp/,,公立,埼玉県,32.0,32.0,取得済み,32,80.7,https://www.pref.saitama.lg.jp/documents/270983/r703_kousotsu_toukei6-10.xlsx,埼玉県公式統計,2025-03
2e48783c9d,fe4728435710,大宮光陵,オオミヤコウリョウ,普通科,全日制,共学,53.0,https://www.eimeigakuin.jp/%E6%9C%80%E6%96%B0%E7%89%882024%E5%B9%B4%E5%BA%A6%E5%8F%97%E9%A8%93%E7%94%A8%E5%85%AC%E7%AB%8B%E7%A7%81%E7%AB%8B%E9%AB%98%E6%A0%A1%E5%90%88%E6%A0%BC%E5%9F%BA%E6%BA%96%E4%B8%80%E8%A6%A7%E8%A1%A8/,31,https://www.ko-jukennavi.net/nyushi/hensachi/saitama/,331-0057,埼玉県さいたま市西区中野林145,さいたま市,埼玉県,埼玉県,35.894855,139.589508,埼玉県さいたま市西区中野林１４５番地,GSI Address Search,https://ohmiyakoryo-h.spec.ed.jp/,,公立,埼玉県,31.0,31.0,取得済み,31,79.6,https://www.pref.saitama.lg.jp/documents/270983/r703_kousotsu_toukei6-10.xlsx,埼玉県公式統計,2025-03
a8595dc886,fddc6015304b,県立川口,カワグチ,普通科,全日制,共学,53.0,https://www.eimeigakuin.jp/%E6%9C%80%E6%96%B0%E7%89%882024%E5%B9%B4%E5%BA%A6%E5%8F%97%E9%A8%93%E7%94%A8%E5%85%AC%E7%AB%8B%E7%A7%81%E7%AB%8B%E9%AB%98%E6%A0%A1%E5%90%88%E6%A0%BC%E5%9F%BA%E6%BA%96%E4%B8%80%E8%A6%A7%E8%A1%A8/,31,https://www.ko-jukennavi.net/nyushi/hensachi/saitama/,333-0826,埼玉県川口市新井宿諏訪山963,川口市,埼玉県,埼玉県,35.84663,139.737091,埼玉県川口市新井宿,GSI Address Search,https://kawaguchi-h.spec.ed.jp/,,公立,埼玉県,31.0,31.0,取得済み,31,70.4,https://www.pref.saitama.lg.jp/documents/270983/r703_kousotsu_toukei6-10.xlsx,埼玉県公式統計,2025-03
40405e4338,51c4fef36257,常盤,トキワ,看護科,全日制,共学,53.0,https://www.eimeigakuin.jp/%E6%9C%80%E6%96%B0%E7%89%882024%E5%B9%B4%E5%BA%A6%E5%8F%97%E9%A8%93%E7%94%A8%E5%85%AC%E7%AB%8B%E7%A7%81%E7%AB%8B%E9%AB%98%E6%A0%A1%E5%90%88%E6%A0%BC%E5%9F%BA%E6%BA%96%E4%B8%80%E8%A6%A7%E8%A1%A8/,32-34,https://www.rinkaiseminar.co.jp/wp-content/uploads/2025/07/%E5%9F%BC%E7%8E%89%E3%80%80%E5%8B%9F%E9%9B%86%E4%BA%BA%E5%93%A1%E3%81%A8%E5%8F%97%E9%A8%93%E3%81%AE%E3%82%81%E3%82%84%E3%81%99.pdf,338-0824,埼玉県さいたま市桜区上大久保519-1,さいたま市,埼玉県,埼玉県,35.870735,139.61319,埼玉県さいたま市桜区上大久保５１９番地,GSI Address Search,https://tokiwa-h.spec.ed.jp/,,公立,埼玉県,32.0,34.0,取得済み,32-34,0.0,https://www.pref.saitama.lg.jp/documents/270983/r703_kousotsu_toukei6-10.xlsx,埼玉県公式統計,2025-03
d8ad7c2842,83988eb0c076,市立川越,カワゴエ,情報処理科,全日制,共学,53.0,https://www.eimeigakuin.jp/%E6%9C%80%E6%96%B0%E7%89%882024%E5%B9%B4%E5%BA%A6%E5%8F%97%E9%A8%93%E7%94%A8%E5%85%AC%E7%AB%8B%E7%A7%81%E7%AB%8B%E9%AB%98%E6%A0%A1%E5%90%88%E6%A0%BC%E5%9F%BA%E6%BA%96%E4%B8%80%E8%A6%A7%E8%A1%A8/,30-33,https://www.rinkaiseminar.co.jp/wp-content/uploads/2025/07/%E5%9F%BC%E7%8E%89%E3%80%80%E5%8B%9F%E9%9B%86%E4%BA%BA%E5%93%A1%E3%81%A8%E5%8F%97%E9%A8%93%E3%81%AE%E3%82%81%E3%82%84%E3%81%99.pdf,350-1126,埼玉県川越市旭町2-3-7,川越市,埼玉県,埼玉県,35.899189,139.474304,埼玉県川越市旭町二丁目３番,GSI Address Search,https://www.city.kawagoe.saitama.jp/kurashi/bunkakyoyo/koedo100/course/siritukawagoekoko.html,,公立,埼玉県,30.0,33.0,取得済み,30-33,43.4,https://www.pref.saitama.lg.jp/documents/270983/r703_kousotsu_toukei6-10.xlsx,埼玉県公式統計,2025-03
3be449231c,4b9afc174253,南稜,ナンリョウ,外国語科,全日制,共学,52.0,https://www.eimeigakuin.jp/%E6%9C%80%E6%96%B0%E7%89%882024%E5%B9%B4%E5%BA%A6%E5%8F%97%E9%A8%93%E7%94%A8%E5%85%AC%E7%AB%8B%E7%A7%81%E7%AB%8B%E9%AB%98%E6%A0%A1%E5%90%88%E6%A0%BC%E5%9F%BA%E6%BA%96%E4%B8%80%E8%A6%A7%E8%A1%A8/,31.0,https://www.eimeigakuin.jp/%E6%9C%80%E6%96%B0%E7%89%882024%E5%B9%B4%E5%BA%A6%E5%8F%97%E9%A8%93%E7%94%A8%E5%85%AC%E7%AB%8B%E7%A7%81%E7%AB%8B%E9%AB%98%E6%A0%A1%E5%90%88%E6%A0%BC%E5%9F%BA%E6%BA%96%E4%B8%80%E8%A6%A7%E8%A1%A8/,335-0031,埼玉県戸田市美女木4-23-4,戸田市,埼玉県,埼玉県,35.824539,139.648499,埼玉県戸田市美女木四丁目２３番,GSI Address Search,https://nanryo-h.spec.ed.jp/,,公立,埼玉県,31.0,31.0,取得済み,31.0,65.9,https://www.pref.saitama.lg.jp/documents/270983/r703_kousotsu_toukei6-10.xlsx,埼玉県公式統計,2025-03
3be449231c,e60bf19d16e2,南稜,ナンリョウ,普通科,全日制,共学,52.0,https://www.eimeigakuin.jp/%E6%9C%80%E6%96%B0%E7%89%882024%E5%B9%B4%E5%BA%A6%E5%8F%97%E9%A8%93%E7%94%A8%E5%85%AC%E7%AB%8B%E7%A7%81%E7%AB%8B%E9%AB%98%E6%A0%A1%E5%90%88%E6%A0%BC%E5%9F%BA%E6%BA%96%E4%B8%80%E8%A6%A7%E8%A1%A8/,31.0,https://www.eimeigakuin.jp/%E6%9C%80%E6%96%B0%E7%89%882024%E5%B9%B4%E5%BA%A6%E5%8F%97%E9%A8%93%E7%94%A8%E5%85%AC%E7%AB%8B%E7%A7%81%E7%AB%8B%E9%AB%98%E6%A0%A1%E5%90%88%E6%A0%BC%E5%9F%BA%E6%BA%96%E4%B8%80%E8%A6%A7%E8%A1%A8/,335-0031,埼玉県戸田市美女木4-23-4,戸田市,埼玉県,埼玉県,35.824539,139.648499,埼玉県戸田市美女木四丁目２３番,GSI Address Search,https://nanryo-h.spec.ed.jp/,,公立,埼玉県,31.0,31.0,取得済み,31.0,63.7,https://www.pref.saitama.lg.jp/documents/270983/r703_kousotsu_toukei6-10.xlsx,埼玉県公式統計,2025-03
635462e456,f489e3fd2b1b,芸術総合,ゲイジュツソウゴウ,美術科,全日制,共学,51.0,https://www.eimeigakuin.jp/%E6%9C%80%E6%96%B0%E7%89%882024%E5%B9%B4%E5%BA%A6%E5%8F%97%E9%A8%93%E7%94%A8%E5%85%AC%E7%AB%8B%E7%A7%81%E7%AB%8B%E9%AB%98%E6%A0%A1%E5%90%88%E6%A0%BC%E5%9F%BA%E6%BA%96%E4%B8%80%E8%A6%A7%E8%A1%A8/,28-30,https://www.rinkaiseminar.co.jp/wp-content/uploads/2025/07/%E5%9F%BC%E7%8E%89%E3%80%80%E5%8B%9F%E9%9B%86%E4%BA%BA%E5%93%A1%E3%81%A8%E5%8F%97%E9%A8%93%E3%81%AE%E3%82%81%E3%82%84%E3%81%99.pdf,359-1164,埼玉県所沢市三ヶ島2-695-1,所沢市,埼玉県,埼玉県,35.786572,139.404846,埼玉県所沢市三ケ島二丁目６９５番地,GSI Address Search,https://geiso-h.spec.ed.jp/,,公立,埼玉県,28.0,30.0,取得済み,28-30,57.5,https://www.pref.saitama.lg.jp/documents/270983/r703_kousotsu_toukei6-10.xlsx,埼玉県公式統計,2025-03
28ffa555ec,8ccc995d3a62,松山女子,マツヤマジョシ,普通科,全日制,女子校,51.0,https://www.eimeigakuin.jp/%E6%9C%80%E6%96%B0%E7%89%882024%E5%B9%B4%E5%BA%A6%E5%8F%97%E9%A8%93%E7%94%A8%E5%85%AC%E7%AB%8B%E7%A7%81%E7%AB%8B%E9%AB%98%E6%A0%A1%E5%90%88%E6%A0%BC%E5%9F%BA%E6%BA%96%E4%B8%80%E8%A6%A7%E8%A1%A8/,31-33,https://www.rinkaiseminar.co.jp/wp-content/uploads/2025/07/%E5%9F%BC%E7%8E%89%E3%80%80%E5%8B%9F%E9%9B%86%E4%BA%BA%E5%93%A1%E3%81%A8%E5%8F%97%E9%A8%93%E3%81%AE%E3%82%81%E3%82%84%E3%81%99.pdf,355-0026,埼玉県東松山市和泉町2-22,東松山市,埼玉県,埼玉県,36.03231,139.395782,埼玉県東松山市和泉町２番２２号,GSI Address Search,https://matsujo-h.spec.ed.jp/,,公立,埼玉県,31.0,33.0,取得済み,31-33,75.3,https://www.pref.saitama.lg.jp/documents/270983/r703_kousotsu_toukei6-10.xlsx,埼玉県公式統計,2025-03
2e48783c9d,abbcce8a9120,大宮光陵,オオミヤコウリョウ,外国語コース,全日制,共学,51.0,https://www.eimeigakuin.jp/%E6%9C%80%E6%96%B0%E7%89%882024%E5%B9%B4%E5%BA%A6%E5%8F%97%E9%A8%93%E7%94%A8%E5%85%AC%E7%AB%8B%E7%A7%81%E7%AB%8B%E9%AB%98%E6%A0%A1%E5%90%88%E6%A0%BC%E5%9F%BA%E6%BA%96%E4%B8%80%E8%A6%A7%E8%A1%A8/,30,https://www.ko-jukennavi.net/nyushi/hensachi/saitama/,331-0057,埼玉県さいたま市西区中野林145,さいたま市,埼玉県,埼玉県,35.894855,139.589508,埼玉県さいたま市西区中野林１４５番地,GSI Address Search,https://ohmiyakoryo-h.spec.ed.jp/,,公立,埼玉県,30.0,30.0,取得済み,30,,,,2025-03
d8ad7c2842,d81886cd1a82,市立川越,カワゴエ,国際経済科,全日制,共学,51.0,https://www.eimeigakuin.jp/%E6%9C%80%E6%96%B0%E7%89%882024%E5%B9%B4%E5%BA%A6%E5%8F%97%E9%A8%93%E7%94%A8%E5%85%AC%E7%AB%8B%E7%A7%81%E7%AB%8B%E9%AB%98%E6%A0%A1%E5%90%88%E6%A0%BC%E5%9F%BA%E6%BA%96%E4%B8%80%E8%A6%A7%E8%A1%A8/,29-32,https://www.rinkaiseminar.co.jp/wp-content/uploads/2025/07/%E5%9F%BC%E7%8E%89%E3%80%80%E5%8B%9F%E9%9B%86%E4%BA%BA%E5%93%A1%E3%81%A8%E5%8F%97%E9%A8%93%E3%81%AE%E3%82%81%E3%82%84%E3%81%99.pdf,350-1126,埼玉県川越市旭町2-3-7,川越市,埼玉県,埼玉県,35.899189,139.474304,埼玉県川越市旭町二丁目３番,GSI Address Search,https://www.city.kawagoe.saitama.jp/kurashi/bunkakyoyo/koedo100/course/siritukawagoekoko.html,,公立,埼玉県,29.0,32.0,取得済み,29-32,43.4,https://www.pref.saitama.lg.jp/documents/270983/r703_kousotsu_toukei6-10.xlsx,埼玉県公式統計,2025-03
bdbc5df8a5,72f0679eaaf3,大宮南,オオミヤミナミ,普通科,全日制,共学,50.0,https://www.eimeigakuin.jp/%E6%9C%80%E6%96%B0%E7%89%882024%E5%B9%B4%E5%BA%A6%E5%8F%97%E9%A8%93%E7%94%A8%E5%85%AC%E7%AB%8B%E7%A7%81%E7%AB%8B%E9%AB%98%E6%A0%A1%E5%90%88%E6%A0%BC%E5%9F%BA%E6%BA%96%E4%B8%80%E8%A6%A7%E8%A1%A8/,29.0,https://www.eimeigakuin.jp/%E6%9C%80%E6%96%B0%E7%89%882024%E5%B9%B4%E5%BA%A6%E5%8F%97%E9%A8%93%E7%94%A8%E5%85%AC%E7%AB%8B%E7%A7%81%E7%AB%8B%E9%AB%98%E6%A0%A1%E5%90%88%E6%A0%BC%E5%9F%BA%E6%BA%96%E4%B8%80%E8%A6%A7%E8%A1%A8/,331-0053,埼玉県さいたま市西区植田谷本793,さいたま市,埼玉県,埼玉県,35.88871,139.589767,埼玉県さいたま市西区植田谷本７９３番地,GSI Address Search,https://ohmiyaminami-h.spec.ed.jp/,,公立,埼玉県,29.0,29.0,取得済み,29.0,72.5,https://www.pref.saitama.lg.jp/documents/270983/r703_kousotsu_toukei6-10.xlsx,埼玉県公式統計,2025-03
c0c136f371,39750a0896a0,朝霞西,アサカニシ,普通科,全日制,共学,49.0,https://www.eimeigakuin.jp/%E6%9C%80%E6%96%B0%E7%89%882024%E5%B9%B4%E5%BA%A6%E5%8F%97%E9%A8%93%E7%94%A8%E5%85%AC%E7%AB%8B%E7%A7%81%E7%AB%8B%E9%AB%98%E6%A0%A1%E5%90%88%E6%A0%BC%E5%9F%BA%E6%BA%96%E4%B8%80%E8%A6%A7%E8%A1%A8/,29-31,https://www.rinkaiseminar.co.jp/wp-content/uploads/2025/07/%E5%9F%BC%E7%8E%89%E3%80%80%E5%8B%9F%E9%9B%86%E4%BA%BA%E5%93%A1%E3%81%A8%E5%8F%97%E9%A8%93%E3%81%AE%E3%82%81%E3%82%84%E3%81%99.pdf,351-0013,埼玉県朝霞市膝折2-17,朝霞市,埼玉県,埼玉県,35.791603,139.591507,埼玉県朝霞市膝折２番地,GSI Address Search,https://asakanishi-h.spec.ed.jp/,,公立,埼玉県,29.0,31.0,取得済み,29-31,63.2,https://www.pref.saitama.lg.jp/documents/270983/r703_kousotsu_toukei6-10.xlsx,埼玉県公式統計,2025-03
0aa6281218,1434e40839f8,浦和商業,ウラワショウギョウ,情報処理科,全日制,共学,49.0,https://www.eimeigakuin.jp/%E6%9C%80%E6%96%B0%E7%89%882024%E5%B9%B4%E5%BA%A6%E5%8F%97%E9%A8%93%E7%94%A8%E5%85%AC%E7%AB%8B%E7%A7%81%E7%AB%8B%E9%AB%98%E6%A0%A1%E5%90%88%E6%A0%BC%E5%9F%BA%E6%BA%96%E4%B8%80%E8%A6%A7%E8%A1%A8/,27-29,https://www.rinkaiseminar.co.jp/wp-content/uploads/2025/07/%E5%9F%BC%E7%8E%89%E3%80%80%E5%8B%9F%E9%9B%86%E4%BA%BA%E5%93%A1%E3%81%A8%E5%8F%97%E9%A8%93%E3%81%AE%E3%82%81%E3%82%84%E3%81%99.pdf,336-0022,埼玉県さいたま市南区白幡2-19-39,さいたま市,埼玉県,埼玉県,35.850399,139.651733,埼玉県さいたま市南区白幡二丁目１９番３９号,GSI Address Search,https://urawa-ch.spec.ed.jp/,,公立,埼玉県,27.0,29.0,取得済み,27-29,33.2,https://www.pref.saitama.lg.jp/documents/270983/r703_kousotsu_toukei6-10.xlsx,埼玉県公式統計,2025-03
bbc5141e91,cb1b007240bb,坂戸西,サカドニシ,普通科,全日制,共学,47.0,https://www.eimeigakuin.jp/%E6%9C%80%E6%96%B0%E7%89%882024%E5%B9%B4%E5%BA%A6%E5%8F%97%E9%A8%93%E7%94%A8%E5%85%AC%E7%AB%8B%E7%A7%81%E7%AB%8B%E9%AB%98%E6%A0%A1%E5%90%88%E6%A0%BC%E5%9F%BA%E6%BA%96%E4%B8%80%E8%A6%A7%E8%A1%A8/,27.0,https://www.eimeigakuin.jp/%E6%9C%80%E6%96%B0%E7%89%882024%E5%B9%B4%E5%BA%A6%E5%8F%97%E9%A8%93%E7%94%A8%E5%85%AC%E7%AB%8B%E7%A7%81%E7%AB%8B%E9%AB%98%E6%A0%A1%E5%90%88%E6%A0%BC%E5%9F%BA%E6%BA%96%E4%B8%80%E8%A6%A7%E8%A1%A8/,350-0245,埼玉県坂戸市四日市場101,坂戸市,埼玉県,埼玉県,35.934395,139.352097,埼玉県坂戸市四日市場１０１番地,GSI Address Search,https://sw-h.spec.ed.jp/,,公立,埼玉県,27.0,27.0,取得済み,27.0,54.7,https://www.pref.saitama.lg.jp/documents/270983/r703_kousotsu_toukei6-10.xlsx,埼玉県公式統計,2025-03
4afaecdaeb,d12720f6aeed,川越総合,カワゴエソウゴウ,総合学科,全日制,共学,47.0,https://www.eimeigakuin.jp/%E6%9C%80%E6%96%B0%E7%89%882024%E5%B9%B4%E5%BA%A6%E5%8F%97%E9%A8%93%E7%94%A8%E5%85%AC%E7%AB%8B%E7%A7%81%E7%AB%8B%E9%AB%98%E6%A0%A1%E5%90%88%E6%A0%BC%E5%9F%BA%E6%BA%96%E4%B8%80%E8%A6%A7%E8%A1%A8/,27.0,https://www.eimeigakuin.jp/%E6%9C%80%E6%96%B0%E7%89%882024%E5%B9%B4%E5%BA%A6%E5%8F%97%E9%A8%93%E7%94%A8%E5%85%AC%E7%AB%8B%E7%A7%81%E7%AB%8B%E9%AB%98%E6%A0%A1%E5%90%88%E6%A0%BC%E5%9F%BA%E6%BA%96%E4%B8%80%E8%A6%A7%E8%A1%A8/,350-0036,埼玉県川越市小仙波町5-14,川越市,埼玉県,埼玉県,35.915112,139.491852,埼玉県川越市小仙波町五丁目１４番,GSI Address Search,https://kawagoesogo-h.spec.ed.jp/,,公立,埼玉県,27.0,27.0,取得済み,27.0,29.7,https://www.pref.saitama.lg.jp/documents/270983/r703_kousotsu_toukei6-10.xlsx,埼玉県公式統計,2025-03
5147e605da,57732c9e02b3,浦和東,ウラワヒガシ,普通科,全日制,共学,47.0,https://www.eimeigakuin.jp/%E6%9C%80%E6%96%B0%E7%89%882024%E5%B9%B4%E5%BA%A6%E5%8F%97%E9%A8%93%E7%94%A8%E5%85%AC%E7%AB%8B%E7%A7%81%E7%AB%8B%E9%AB%98%E6%A0%A1%E5%90%88%E6%A0%BC%E5%9F%BA%E6%BA%96%E4%B8%80%E8%A6%A7%E8%A1%A8/,27.0,https://www.eimeigakuin.jp/%E6%9C%80%E6%96%B0%E7%89%882024%E5%B9%B4%E5%BA%A6%E5%8F%97%E9%A8%93%E7%94%A8%E5%85%AC%E7%AB%8B%E7%A7%81%E7%AB%8B%E9%AB%98%E6%A0%A1%E5%90%88%E6%A0%BC%E5%9F%BA%E6%BA%96%E4%B8%80%E8%A6%A7%E8%A1%A8/,336-0976,埼玉県さいたま市緑区寺山365,さいたま市,埼玉県,埼玉県,35.908676,139.707336,埼玉県さいたま市緑区寺山３６５番地,GSI Address Search,https://urawahigashi-h.spec.ed.jp/,,公立,埼玉県,27.0,27.0,取得済み,27.0,64.1,https://www.pref.saitama.lg.jp/documents/270983/r703_kousotsu_toukei6-10.xlsx,埼玉県公式統計,2025-03
34310c1513,77ac3eab9230,新座総合技術,ニイザソウゴウギジュツ,食物調理科,全日制,共学,47.0,https://www.eimeigakuin.jp/%E6%9C%80%E6%96%B0%E7%89%882024%E5%B9%B4%E5%BA%A6%E5%8F%97%E9%A8%93%E7%94%A8%E5%85%AC%E7%AB%8B%E7%A7%81%E7%AB%8B%E9%AB%98%E6%A0%A1%E5%90%88%E6%A0%BC%E5%9F%BA%E6%BA%96%E4%B8%80%E8%A6%A7%E8%A1%A8/,27.0,https://www.eimeigakuin.jp/%E6%9C%80%E6%96%B0%E7%89%882024%E5%B9%B4%E5%BA%A6%E5%8F%97%E9%A8%93%E7%94%A8%E5%85%AC%E7%AB%8B%E7%A7%81%E7%AB%8B%E9%AB%98%E6%A0%A1%E5%90%88%E6%A0%BC%E5%9F%BA%E6%BA%96%E4%B8%80%E8%A6%A7%E8%A1%A8/,352-0013,埼玉県新座市新塚1-3-1,新座市,埼玉県,埼玉県,35.778633,139.584732,埼玉県新座市新塚一丁目３番,GSI Address Search,https://nsg-h.spec.ed.jp/,,公立,埼玉県,27.0,27.0,取得済み,27.0,14.9,https://www.pref.saitama.lg.jp/documents/270983/r703_kousotsu_toukei6-10.xlsx,埼玉県公式統計,2025-03
043caa2aa4,1ce1fa718351,所沢中央,トコロザワチュウオウ,普通科,全日制,共学,46.0,https://www.eimeigakuin.jp/%E6%9C%80%E6%96%B0%E7%89%882024%E5%B9%B4%E5%BA%A6%E5%8F%97%E9%A8%93%E7%94%A8%E5%85%AC%E7%AB%8B%E7%A7%81%E7%AB%8B%E9%AB%98%E6%A0%A1%E5%90%88%E6%A0%BC%E5%9F%BA%E6%BA%96%E4%B8%80%E8%A6%A7%E8%A1%A8/,25-27,https://www.rinkaiseminar.co.jp/wp-content/uploads/2025/07/%E5%9F%BC%E7%8E%89%E3%80%80%E5%8B%9F%E9%9B%86%E4%BA%BA%E5%93%A1%E3%81%A8%E5%8F%97%E9%A8%93%E3%81%AE%E3%82%81%E3%82%84%E3%81%99.pdf,359-0042,埼玉県所沢市並木8-2,所沢市,埼玉県,埼玉県,35.810795,139.475021,埼玉県所沢市並木八丁目２番,GSI Address Search,https://tokorozawachuo-h.spec.ed.jp/,,公立,埼玉県,25.0,27.0,取得済み,25-27,46.3,https://www.pref.saitama.lg.jp/documents/270983/r703_kousotsu_toukei6-10.xlsx,埼玉県公式統計,2025-03
7fa8582704,41a5081d6270,川越工業,カワゴエコウギョウ,デザイン科,全日制,共学,46.0,https://www.eimeigakuin.jp/%E6%9C%80%E6%96%B0%E7%89%882024%E5%B9%B4%E5%BA%A6%E5%8F%97%E9%A8%93%E7%94%A8%E5%85%AC%E7%AB%8B%E7%A7%81%E7%AB%8B%E9%AB%98%E6%A0%A1%E5%90%88%E6%A0%BC%E5%9F%BA%E6%BA%96%E4%B8%80%E8%A6%A7%E8%A1%A8/,25-27,https://www.rinkaiseminar.co.jp/wp-content/uploads/2025/07/%E5%9F%BC%E7%8E%89%E3%80%80%E5%8B%9F%E9%9B%86%E4%BA%BA%E5%93%A1%E3%81%A8%E5%8F%97%E9%A8%93%E3%81%AE%E3%82%81%E3%82%84%E3%81%99.pdf,350-0035,埼玉県川越市西小仙波町2-28-1,川越市,埼玉県,埼玉県,35.912922,139.487228,埼玉県川越市西小仙波町二丁目２８番,GSI Address Search,https://kawagoe-th.spec.ed.jp/,,公立,埼玉県,25.0,27.0,取得済み,25-27,23.0,https://www.pref.saitama.lg.jp/documents/270983/r703_kousotsu_toukei6-10.xlsx,埼玉県公式統計,2025-03
ba5a2f6b7d,e8d28db1c961,志木,シキ,普通科,全日制,共学,45.0,https://www.eimeigakuin.jp/%E6%9C%80%E6%96%B0%E7%89%882024%E5%B9%B4%E5%BA%A6%E5%8F%97%E9%A8%93%E7%94%A8%E5%85%AC%E7%AB%8B%E7%A7%81%E7%AB%8B%E9%AB%98%E6%A0%A1%E5%90%88%E6%A0%BC%E5%9F%BA%E6%BA%96%E4%B8%80%E8%A6%A7%E8%A1%A8/,26.0,https://www.eimeigakuin.jp/%E6%9C%80%E6%96%B0%E7%89%882024%E5%B9%B4%E5%BA%A6%E5%8F%97%E9%A8%93%E7%94%A8%E5%85%AC%E7%AB%8B%E7%A7%81%E7%AB%8B%E9%AB%98%E6%A0%A1%E5%90%88%E6%A0%BC%E5%9F%BA%E6%BA%96%E4%B8%80%E8%A6%A7%E8%A1%A8/,353-0001,埼玉県志木市上宗岡1-1-1,志木市,埼玉県,埼玉県,35.840656,139.580994,埼玉県志木市上宗岡一丁目１番,GSI Address Search,https://shiki-h.spec.ed.jp/,,公立,埼玉県,26.0,26.0,取得済み,26.0,51.9,https://www.pref.saitama.lg.jp/documents/270983/r703_kousotsu_toukei6-10.xlsx,埼玉県公式統計,2025-03
2098c5ded7,b8c77ec7a5ee,川越西,カワゴエニシ,普通科,全日制,共学,45.0,https://www.eimeigakuin.jp/%E6%9C%80%E6%96%B0%E7%89%882024%E5%B9%B4%E5%BA%A6%E5%8F%97%E9%A8%93%E7%94%A8%E5%85%AC%E7%AB%8B%E7%A7%81%E7%AB%8B%E9%AB%98%E6%A0%A1%E5%90%88%E6%A0%BC%E5%9F%BA%E6%BA%96%E4%B8%80%E8%A6%A7%E8%A1%A8/,26.0,https://www.eimeigakuin.jp/%E6%9C%80%E6%96%B0%E7%89%882024%E5%B9%B4%E5%BA%A6%E5%8F%97%E9%A8%93%E7%94%A8%E5%85%AC%E7%AB%8B%E7%A7%81%E7%AB%8B%E9%AB%98%E6%A0%A1%E5%90%88%E6%A0%BC%E5%9F%BA%E6%BA%96%E4%B8%80%E8%A6%A7%E8%A1%A8/,350-1175,埼玉県川越市笠幡2488-1,川越市,埼玉県,埼玉県,35.911423,139.395157,埼玉県川越市笠幡２４８８番地,GSI Address Search,https://kawagoenishi-h.spec.ed.jp/,,公立,埼玉県,26.0,26.0,取得済み,26.0,51.2,https://www.pref.saitama.lg.jp/documents/270983/r703_kousotsu_toukei6-10.xlsx,埼玉県公式統計,2025-03
635462e456,cb3787ed1881,芸術総合,ゲイジュツソウゴウ,音楽科,全日制,共学,45.0,https://www.eimeigakuin.jp/%E6%9C%80%E6%96%B0%E7%89%882024%E5%B9%B4%E5%BA%A6%E5%8F%97%E9%A8%93%E7%94%A8%E5%85%AC%E7%AB%8B%E7%A7%81%E7%AB%8B%E9%AB%98%E6%A0%A1%E5%90%88%E6%A0%BC%E5%9F%BA%E6%BA%96%E4%B8%80%E8%A6%A7%E8%A1%A8/,26.0,https://www.eimeigakuin.jp/%E6%9C%80%E6%96%B0%E7%89%882024%E5%B9%B4%E5%BA%A6%E5%8F%97%E9%A8%93%E7%94%A8%E5%85%AC%E7%AB%8B%E7%A7%81%E7%AB%8B%E9%AB%98%E6%A0%A1%E5%90%88%E6%A0%BC%E5%9F%BA%E6%BA%96%E4%B8%80%E8%A6%A7%E8%A1%A8/,359-1164,埼玉県所沢市三ヶ島2-695-1,所沢市,埼玉県,埼玉県,35.786572,139.404846,埼玉県所沢市三ケ島二丁目６９５番地,GSI Address Search,https://geiso-h.spec.ed.jp/,,公立,埼玉県,26.0,26.0,取得済み,26.0,53.8,https://www.pref.saitama.lg.jp/documents/270983/r703_kousotsu_toukei6-10.xlsx,埼玉県公式統計,2025-03
34310c1513,90b35fc6a354,新座総合技術,ニイザソウゴウギジュツ,服飾デザイン科,全日制,共学,45.0,https://www.eimeigakuin.jp/%E6%9C%80%E6%96%B0%E7%89%882024%E5%B9%B4%E5%BA%A6%E5%8F%97%E9%A8%93%E7%94%A8%E5%85%AC%E7%AB%8B%E7%A7%81%E7%AB%8B%E9%AB%98%E6%A0%A1%E5%90%88%E6%A0%BC%E5%9F%BA%E6%BA%96%E4%B8%80%E8%A6%A7%E8%A1%A8/,26.0,https://www.eimeigakuin.jp/%E6%9C%80%E6%96%B0%E7%89%882024%E5%B9%B4%E5%BA%A6%E5%8F%97%E9%A8%93%E7%94%A8%E5%85%AC%E7%AB%8B%E7%A7%81%E7%AB%8B%E9%AB%98%E6%A0%A1%E5%90%88%E6%A0%BC%E5%9F%BA%E6%BA%96%E4%B8%80%E8%A6%A7%E8%A1%A8/,352-0013,埼玉県新座市新塚1-3-1,新座市,埼玉県,埼玉県,35.778633,139.584732,埼玉県新座市新塚一丁目３番,GSI Address Search,https://nsg-h.spec.ed.jp/,,公立,埼玉県,26.0,26.0,取得済み,26.0,14.9,https://www.pref.saitama.lg.jp/documents/270983/r703_kousotsu_toukei6-10.xlsx,埼玉県公式統計,2025-03
0aa6281218,d2fd8b14cc35,浦和商業,ウラワショウギョウ,商業科,全日制,共学,45.0,https://www.eimeigakuin.jp/%E6%9C%80%E6%96%B0%E7%89%882024%E5%B9%B4%E5%BA%A6%E5%8F%97%E9%A8%93%E7%94%A8%E5%85%AC%E7%AB%8B%E7%A7%81%E7%AB%8B%E9%AB%98%E6%A0%A1%E5%90%88%E6%A0%BC%E5%9F%BA%E6%BA%96%E4%B8%80%E8%A6%A7%E8%A1%A8/,26.0,https://www.eimeigakuin.jp/%E6%9C%80%E6%96%B0%E7%89%882024%E5%B9%B4%E5%BA%A6%E5%8F%97%E9%A8%93%E7%94%A8%E5%85%AC%E7%AB%8B%E7%A7%81%E7%AB%8B%E9%AB%98%E6%A0%A1%E5%90%88%E6%A0%BC%E5%9F%BA%E6%BA%96%E4%B8%80%E8%A6%A7%E8%A1%A8/,336-0022,埼玉県さいたま市南区白幡2-19-39,さいたま市,埼玉県,埼玉県,35.850399,139.651733,埼玉県さいたま市南区白幡二丁目１９番３９号,GSI Address Search,https://urawa-ch.spec.ed.jp/,,公立,埼玉県,26.0,26.0,取得済み,26.0,33.2,https://www.pref.saitama.lg.jp/documents/270983/r703_kousotsu_toukei6-10.xlsx,埼玉県公式統計,2025-03
dd61989967,0c9e186f1f9f,滑川総合,ナメガワソウゴウ,総合学科,全日制,共学,44.0,https://www.eimeigakuin.jp/%E6%9C%80%E6%96%B0%E7%89%882024%E5%B9%B4%E5%BA%A6%E5%8F%97%E9%A8%93%E7%94%A8%E5%85%AC%E7%AB%8B%E7%A7%81%E7%AB%8B%E9%AB%98%E6%A0%A1%E5%90%88%E6%A0%BC%E5%9F%BA%E6%BA%96%E4%B8%80%E8%A6%A7%E8%A1%A8/,24-26,https://www.rinkaiseminar.co.jp/wp-content/uploads/2025/07/%E5%9F%BC%E7%8E%89%E3%80%80%E5%8B%9F%E9%9B%86%E4%BA%BA%E5%93%A1%E3%81%A8%E5%8F%97%E9%A8%93%E3%81%AE%E3%82%81%E3%82%84%E3%81%99.pdf,355-0815,埼玉県滑川町月の輪4-18-26,滑川町,埼玉県,埼玉県,36.042755,139.340591,埼玉県滑川町月の輪四丁目１８番,GSI Address Search,https://nameso-h.spec.ed.jp/,,公立,埼玉県,24.0,26.0,取得済み,24-26,38.1,https://www.pref.saitama.lg.jp/documents/270983/r703_kousotsu_toukei6-10.xlsx,埼玉県公式統計,2025-03
e5e09dcb9a,4a23726ff2c9,新座柳瀬,ニイザヤナセ,普通科,全日制,共学,43.0,https://www.eimeigakuin.jp/%E6%9C%80%E6%96%B0%E7%89%882024%E5%B9%B4%E5%BA%A6%E5%8F%97%E9%A8%93%E7%94%A8%E5%85%AC%E7%AB%8B%E7%A7%81%E7%AB%8B%E9%AB%98%E6%A0%A1%E5%90%88%E6%A0%BC%E5%9F%BA%E6%BA%96%E4%B8%80%E8%A6%A7%E8%A1%A8/,25.0,https://www.eimeigakuin.jp/%E6%9C%80%E6%96%B0%E7%89%882024%E5%B9%B4%E5%BA%A6%E5%8F%97%E9%A8%93%E7%94%A8%E5%85%AC%E7%AB%8B%E7%A7%81%E7%AB%8B%E9%AB%98%E6%A0%A1%E5%90%88%E6%A0%BC%E5%9F%BA%E6%BA%96%E4%B8%80%E8%A6%A7%E8%A1%A8/,352-0004,埼玉県新座市大和田4-12-1,新座市,埼玉県,埼玉県,35.816547,139.551514,埼玉県新座市大和田四丁目１２番１号,GSI Address Search,https://niizayanase-h.spec.ed.jp/,,公立,埼玉県,25.0,25.0,取得済み,25.0,29.4,https://www.pref.saitama.lg.jp/documents/270983/r703_kousotsu_toukei6-10.xlsx,埼玉県公式統計,2025-03
62cfc7c96e,b7252fbfdf99,大宮東,オオミヤヒガシ,普通科,全日制,共学,43.0,https://www.eimeigakuin.jp/%E6%9C%80%E6%96%B0%E7%89%882024%E5%B9%B4%E5%BA%A6%E5%8F%97%E9%A8%93%E7%94%A8%E5%85%AC%E7%AB%8B%E7%A7%81%E7%AB%8B%E9%AB%98%E6%A0%A1%E5%90%88%E6%A0%BC%E5%9F%BA%E6%BA%96%E4%B8%80%E8%A6%A7%E8%A1%A8/,25.0,https://www.eimeigakuin.jp/%E6%9C%80%E6%96%B0%E7%89%882024%E5%B9%B4%E5%BA%A6%E5%8F%97%E9%A8%93%E7%94%A8%E5%85%AC%E7%AB%8B%E7%A7%81%E7%AB%8B%E9%AB%98%E6%A0%A1%E5%90%88%E6%A0%BC%E5%9F%BA%E6%BA%96%E4%B8%80%E8%A6%A7%E8%A1%A8/,337-0021,埼玉県さいたま市見沼区膝子567,さいたま市,埼玉県,埼玉県,35.927101,139.685806,埼玉県さいたま市見沼区膝子５６７番地,GSI Address Search,https://oh-h.spec.ed.jp/,,公立,埼玉県,25.0,25.0,取得済み,25.0,56.9,https://www.pref.saitama.lg.jp/documents/270983/r703_kousotsu_toukei6-10.xlsx,埼玉県公式統計,2025-03
e5544ee3fd,f1ebb64456cb,川口東,カワグチヒガシ,普通科,全日制,共学,43.0,https://www.eimeigakuin.jp/%E6%9C%80%E6%96%B0%E7%89%882024%E5%B9%B4%E5%BA%A6%E5%8F%97%E9%A8%93%E7%94%A8%E5%85%AC%E7%AB%8B%E7%A7%81%E7%AB%8B%E9%AB%98%E6%A0%A1%E5%90%88%E6%A0%BC%E5%9F%BA%E6%BA%96%E4%B8%80%E8%A6%A7%E8%A1%A8/,25.0,https://www.eimeigakuin.jp/%E6%9C%80%E6%96%B0%E7%89%882024%E5%B9%B4%E5%BA%A6%E5%8F%97%E9%A8%93%E7%94%A8%E5%85%AC%E7%AB%8B%E7%A7%81%E7%AB%8B%E9%AB%98%E6%A0%A1%E5%90%88%E6%A0%BC%E5%9F%BA%E6%BA%96%E4%B8%80%E8%A6%A7%E8%A1%A8/,333-0807,埼玉県川口市長蔵3-1-1,川口市,埼玉県,埼玉県,35.862339,139.760513,埼玉県川口市長蔵三丁目１番１号,GSI Address Search,https://kawaguchihigashi-h.spec.ed.jp/,,公立,埼玉県,25.0,25.0,取得済み,25.0,46.6,https://www.pref.saitama.lg.jp/documents/270983/r703_kousotsu_toukei6-10.xlsx,埼玉県公式統計,2025-03
dbe22f979f,27e777a46405,小川,オガワ,普通科,全日制,共学,42.0,https://www.eimeigakuin.jp/%E6%9C%80%E6%96%B0%E7%89%882024%E5%B9%B4%E5%BA%A6%E5%8F%97%E9%A8%93%E7%94%A8%E5%85%AC%E7%AB%8B%E7%A7%81%E7%AB%8B%E9%AB%98%E6%A0%A1%E5%90%88%E6%A0%BC%E5%9F%BA%E6%BA%96%E4%B8%80%E8%A6%A7%E8%A1%A8/,24-26,https://www.rinkaiseminar.co.jp/wp-content/uploads/2025/07/%E5%9F%BC%E7%8E%89%E3%80%80%E5%8B%9F%E9%9B%86%E4%BA%BA%E5%93%A1%E3%81%A8%E5%8F%97%E9%A8%93%E3%81%AE%E3%82%81%E3%82%84%E3%81%99.pdf,355-0328,埼玉県小川町大塚1105,小川町,埼玉県,埼玉県,36.059769,139.261032,埼玉県小川町大塚１１０５番地,GSI Address Search,https://ogawa-h.spec.ed.jp/,,公立,埼玉県,24.0,26.0,取得済み,24-26,47.5,https://www.pref.saitama.lg.jp/documents/270983/r703_kousotsu_toukei6-10.xlsx,埼玉県公式統計,2025-03
934376b885,2f319d4e2d7a,大宮武蔵野,オオミヤムサシノ,普通科,全日制,共学,42.0,https://www.eimeigakuin.jp/%E6%9C%80%E6%96%B0%E7%89%882024%E5%B9%B4%E5%BA%A6%E5%8F%97%E9%A8%93%E7%94%A8%E5%85%AC%E7%AB%8B%E7%A7%81%E7%AB%8B%E9%AB%98%E6%A0%A1%E5%90%88%E6%A0%BC%E5%9F%BA%E6%BA%96%E4%B8%80%E8%A6%A7%E8%A1%A8/,24-26,https://www.rinkaiseminar.co.jp/wp-content/uploads/2025/07/%E5%9F%BC%E7%8E%89%E3%80%80%E5%8B%9F%E9%9B%86%E4%BA%BA%E5%93%A1%E3%81%A8%E5%8F%97%E9%A8%93%E3%81%AE%E3%82%81%E3%82%84%E3%81%99.pdf,331-0061,埼玉県さいたま市西区西遊馬1601,さいたま市,埼玉県,埼玉県,35.909317,139.560532,埼玉県さいたま市西区西遊馬１６０１番地,GSI Address Search,https://om-h.spec.ed.jp/,,公立,埼玉県,24.0,26.0,取得済み,24-26,34.6,https://www.pref.saitama.lg.jp/documents/270983/r703_kousotsu_toukei6-10.xlsx,埼玉県公式統計,2025-03
62cfc7c96e,dd6f39f9b228,大宮東,オオミヤヒガシ,体育科,全日制,共学,42.0,https://www.eimeigakuin.jp/%E6%9C%80%E6%96%B0%E7%89%882024%E5%B9%B4%E5%BA%A6%E5%8F%97%E9%A8%93%E7%94%A8%E5%85%AC%E7%AB%8B%E7%A7%81%E7%AB%8B%E9%AB%98%E6%A0%A1%E5%90%88%E6%A0%BC%E5%9F%BA%E6%BA%96%E4%B8%80%E8%A6%A7%E8%A1%A8/,24-26,https://www.rinkaiseminar.co.jp/wp-content/uploads/2025/07/%E5%9F%BC%E7%8E%89%E3%80%80%E5%8B%9F%E9%9B%86%E4%BA%BA%E5%93%A1%E3%81%A8%E5%8F%97%E9%A8%93%E3%81%AE%E3%82%81%E3%82%84%E3%81%99.pdf,337-0021,埼玉県さいたま市見沼区膝子567,さいたま市,埼玉県,埼玉県,35.927101,139.685806,埼玉県さいたま市見沼区膝子５６７番地,GSI Address Search,https://oh-h.spec.ed.jp/,,公立,埼玉県,24.0,26.0,取得済み,24-26,56.0,https://www.pref.saitama.lg.jp/documents/270983/r703_kousotsu_toukei6-10.xlsx,埼玉県公式統計,2025-03
7fa8582704,341e9c213528,川越工業,カワゴエコウギョウ,機械科,全日制,共学,42.0,https://www.eimeigakuin.jp/%E6%9C%80%E6%96%B0%E7%89%882024%E5%B9%B4%E5%BA%A6%E5%8F%97%E9%A8%93%E7%94%A8%E5%85%AC%E7%AB%8B%E7%A7%81%E7%AB%8B%E9%AB%98%E6%A0%A1%E5%90%88%E6%A0%BC%E5%9F%BA%E6%BA%96%E4%B8%80%E8%A6%A7%E8%A1%A8/,24-26,https://www.rinkaiseminar.co.jp/wp-content/uploads/2025/07/%E5%9F%BC%E7%8E%89%E3%80%80%E5%8B%9F%E9%9B%86%E4%BA%BA%E5%93%A1%E3%81%A8%E5%8F%97%E9%A8%93%E3%81%AE%E3%82%81%E3%82%84%E3%81%99.pdf,350-0035,埼玉県川越市西小仙波町2-28-1,川越市,埼玉県,埼玉県,35.912922,139.487228,埼玉県川越市西小仙波町二丁目２８番,GSI Address Search,https://kawagoe-th.spec.ed.jp/,,公立,埼玉県,24.0,26.0,取得済み,24-26,23.0,https://www.pref.saitama.lg.jp/documents/270983/r703_kousotsu_toukei6-10.xlsx,埼玉県公式統計,2025-03
287c6ed515,424d8020fd4d,ふじみ野,フジミノ,普通科,全日制,共学,40.0,https://www.eimeigakuin.jp/%E6%9C%80%E6%96%B0%E7%89%882024%E5%B9%B4%E5%BA%A6%E5%8F%97%E9%A8%93%E7%94%A8%E5%85%AC%E7%AB%8B%E7%A7%81%E7%AB%8B%E9%AB%98%E6%A0%A1%E5%90%88%E6%A0%BC%E5%9F%BA%E6%BA%96%E4%B8%80%E8%A6%A7%E8%A1%A8/,23,https://www.ko-jukennavi.net/nyushi/hensachi/saitama/,356-0053,埼玉県ふじみ野市大井1158-1,ふじみ野市,埼玉県,埼玉県,35.849541,139.51123,埼玉県ふじみ野市大井１１５８番地,GSI Address Search,https://fujimino-h.spec.ed.jp/,,公立,埼玉県,23.0,23.0,取得済み,23,44.1,https://www.pref.saitama.lg.jp/documents/270983/r703_kousotsu_toukei6-10.xlsx,埼玉県公式統計,2025-03
2a6485fe19,c028a0544e23,富士見,フジミ,普通科,全日制,共学,38.0,https://www.eimeigakuin.jp/%E6%9C%80%E6%96%B0%E7%89%882024%E5%B9%B4%E5%BA%A6%E5%8F%97%E9%A8%93%E7%94%A8%E5%85%AC%E7%AB%8B%E7%A7%81%E7%AB%8B%E9%AB%98%E6%A0%A1%E5%90%88%E6%A0%BC%E5%9F%BA%E6%BA%96%E4%B8%80%E8%A6%A7%E8%A1%A8/,22-24,https://www.rinkaiseminar.co.jp/wp-content/uploads/2025/07/%E5%9F%BC%E7%8E%89%E3%80%80%E5%8B%9F%E9%9B%86%E4%BA%BA%E5%93%A1%E3%81%A8%E5%8F%97%E9%A8%93%E3%81%AE%E3%82%81%E3%82%84%E3%81%99.pdf,354-0002,埼玉県富士見市上南畑950,富士見市,埼玉県,埼玉県,35.864395,139.561798,埼玉県富士見市上南畑９５０番地,GSI Address Search,https://fujimi-h.spec.ed.jp/,,公立,埼玉県,22.0,24.0,取得済み,22-24,31.2,https://www.pref.saitama.lg.jp/documents/270983/r703_kousotsu_toukei6-10.xlsx,埼玉県公式統計,2025-03
9469e0b3b2,cafb1def94fd,川越初雁,カワゴエハツカリ,普通科,全日制,共学,37.0,https://www.eimeigakuin.jp/%E6%9C%80%E6%96%B0%E7%89%882024%E5%B9%B4%E5%BA%A6%E5%8F%97%E9%A8%93%E7%94%A8%E5%85%AC%E7%AB%8B%E7%A7%81%E7%AB%8B%E9%AB%98%E6%A0%A1%E5%90%88%E6%A0%BC%E5%9F%BA%E6%BA%96%E4%B8%80%E8%A6%A7%E8%A1%A8/,22.0,https://www.eimeigakuin.jp/%E6%9C%80%E6%96%B0%E7%89%882024%E5%B9%B4%E5%BA%A6%E5%8F%97%E9%A8%93%E7%94%A8%E5%85%AC%E7%AB%8B%E7%A7%81%E7%AB%8B%E9%AB%98%E6%A0%A1%E5%90%88%E6%A0%BC%E5%9F%BA%E6%BA%96%E4%B8%80%E8%A6%A7%E8%A1%A8/,350-1137,埼玉県川越市砂新田2564,川越市,埼玉県,埼玉県,35.878117,139.487701,埼玉県川越市砂新田２５６４番地,GSI Address Search,https://kawagoehatsukari-h.spec.ed.jp/,,公立,埼玉県,22.0,22.0,取得済み,22.0,18.6,https://www.pref.saitama.lg.jp/documents/270983/r703_kousotsu_toukei6-10.xlsx,埼玉県公式統計,2025-03
287c6ed515,6e090b4762f1,ふじみ野,フジミノ,スポーツサイエンス科,全日制,共学,37.0,https://www.eimeigakuin.jp/%E6%9C%80%E6%96%B0%E7%89%882024%E5%B9%B4%E5%BA%A6%E5%8F%97%E9%A8%93%E7%94%A8%E5%85%AC%E7%AB%8B%E7%A7%81%E7%AB%8B%E9%AB%98%E6%A0%A1%E5%90%88%E6%A0%BC%E5%9F%BA%E6%BA%96%E4%B8%80%E8%A6%A7%E8%A1%A8/,22.0,https://www.eimeigakuin.jp/%E6%9C%80%E6%96%B0%E7%89%882024%E5%B9%B4%E5%BA%A6%E5%8F%97%E9%A8%93%E7%94%A8%E5%85%AC%E7%AB%8B%E7%A7%81%E7%AB%8B%E9%AB%98%E6%A0%A1%E5%90%88%E6%A0%BC%E5%9F%BA%E6%BA%96%E4%B8%80%E8%A6%A7%E8%A1%A8/,356-0053,埼玉県ふじみ野市大井1158-1,ふじみ野市,埼玉県,埼玉県,35.849541,139.51123,埼玉県ふじみ野市大井１１５８番地,GSI Address Search,https://fujimino-h.spec.ed.jp/,,公立,埼玉県,22.0,22.0,取得済み,22.0,31.1,https://www.pref.saitama.lg.jp/documents/270983/r703_kousotsu_toukei6-10.xlsx,埼玉県公式統計,2025-03
3322f00fa2,9d09165cc96c,鶴ヶ島清風,ツルガシマセイフウ,普通科,全日制,共学,37.0,https://www.eimeigakuin.jp/%E6%9C%80%E6%96%B0%E7%89%882024%E5%B9%B4%E5%BA%A6%E5%8F%97%E9%A8%93%E7%94%A8%E5%85%AC%E7%AB%8B%E7%A7%81%E7%AB%8B%E9%AB%98%E6%A0%A1%E5%90%88%E6%A0%BC%E5%9F%BA%E6%BA%96%E4%B8%80%E8%A6%A7%E8%A1%A8/,22.0,https://www.eimeigakuin.jp/%E6%9C%80%E6%96%B0%E7%89%882024%E5%B9%B4%E5%BA%A6%E5%8F%97%E9%A8%93%E7%94%A8%E5%85%AC%E7%AB%8B%E7%A7%81%E7%AB%8B%E9%AB%98%E6%A0%A1%E5%90%88%E6%A0%BC%E5%9F%BA%E6%BA%96%E4%B8%80%E8%A6%A7%E8%A1%A8/,350-2223,埼玉県鶴ヶ島市高倉946-1,鶴ヶ島市,埼玉県,埼玉県,35.93248,139.379456,埼玉県鶴ヶ島市高倉９４６番地,GSI Address Search,https://tseifu-h.spec.ed.jp/,,公立,埼玉県,22.0,22.0,取得済み,22.0,22.9,https://www.pref.saitama.lg.jp/documents/270983/r703_kousotsu_toukei6-10.xlsx,埼玉県公式統計,2025-03
122446d183,c7c3a2048b67,日高,ヒダカ,普通科,全日制,共学,37.0,https://www.eimeigakuin.jp/%E6%9C%80%E6%96%B0%E7%89%882024%E5%B9%B4%E5%BA%A6%E5%8F%97%E9%A8%93%E7%94%A8%E5%85%AC%E7%AB%8B%E7%A7%81%E7%AB%8B%E9%AB%98%E6%A0%A1%E5%90%88%E6%A0%BC%E5%9F%BA%E6%BA%96%E4%B8%80%E8%A6%A7%E8%A1%A8/,22.0,https://www.eimeigakuin.jp/%E6%9C%80%E6%96%B0%E7%89%882024%E5%B9%B4%E5%BA%A6%E5%8F%97%E9%A8%93%E7%94%A8%E5%85%AC%E7%AB%8B%E7%A7%81%E7%AB%8B%E9%AB%98%E6%A0%A1%E5%90%88%E6%A0%BC%E5%9F%BA%E6%BA%96%E4%B8%80%E8%A6%A7%E8%A1%A8/,350-1203,埼玉県日高市旭ヶ丘806,日高市,埼玉県,埼玉県,35.908417,139.367661,埼玉県日高市旭ケ丘８０６番地,GSI Address Search,https://hidaka-h.spec.ed.jp/,,公立,埼玉県,22.0,22.0,取得済み,22.0,17.7,https://www.pref.saitama.lg.jp/documents/270983/r703_kousotsu_toukei6-10.xlsx,埼玉県公式統計,2025-03
dff6bf45a0,02e87190ecd2,新座,ニイザ,普通科,全日制,共学,36.0,https://www.eimeigakuin.jp/%E6%9C%80%E6%96%B0%E7%89%882024%E5%B9%B4%E5%BA%A6%E5%8F%97%E9%A8%93%E7%94%A8%E5%85%AC%E7%AB%8B%E7%A7%81%E7%AB%8B%E9%AB%98%E6%A0%A1%E5%90%88%E6%A0%BC%E5%9F%BA%E6%BA%96%E4%B8%80%E8%A6%A7%E8%A1%A8/,22-24,https://www.rinkaiseminar.co.jp/wp-content/uploads/2025/07/%E5%9F%BC%E7%8E%89%E3%80%80%E5%8B%9F%E9%9B%86%E4%BA%BA%E5%93%A1%E3%81%A8%E5%8F%97%E9%A8%93%E3%81%AE%E3%82%81%E3%82%84%E3%81%99.pdf,352-0015,埼玉県新座市池田1-1-2,新座市,埼玉県,埼玉県,35.776833,139.573212,埼玉県新座市池田一丁目１番,GSI Address Search,https://niiza-h.spec.ed.jp/,,公立,埼玉県,22.0,24.0,取得済み,22-24,23.8,https://www.pref.saitama.lg.jp/documents/270983/r703_kousotsu_toukei6-10.xlsx,埼玉県公式統計,2025-03
efd4567ead,e8b6be315302,慶應義塾志木,,普通科,全日制,男子校,74.0,https://www.eimeigakuin.jp/%E6%9C%80%E6%96%B0%E7%89%882024%E5%B9%B4%E5%BA%A6%E5%8F%97%E9%A8%93%E7%94%A8%E5%85%AC%E7%AB%8B%E7%A7%81%E7%AB%8B%E9%AB%98%E6%A0%A1%E5%90%88%E6%A0%BC%E5%9F%BA%E6%BA%96%E4%B8%80%E8%A6%A7%E8%A1%A8/,38,https://www.shiki.keio.ac.jp/exam/outline.html,353-0004,埼玉県志木市本町４－１４－１,志木市,埼玉県,埼玉県,35.825844,139.578247,埼玉県志木市本町四丁目１４番１号,GSI Address Search,https://www.shiki.keio.ac.jp/,1948.0,私立,学校法人,38.0,38.0,取得済み,38,100.0,https://www.pref.saitama.lg.jp/documents/270983/r703_kousotsu_toukei6-10.xlsx,埼玉県公式統計,2025-03
54b0edb7a4,762b29bdd6b4,早稲田大学本庄高等学院,,普通科,全日制,共学,72.0,https://www.eimeigakuin.jp/%E6%9C%80%E6%96%B0%E7%89%882024%E5%B9%B4%E5%BA%A6%E5%8F%97%E9%A8%93%E7%94%A8%E5%85%AC%E7%AB%8B%E7%A7%81%E7%AB%8B%E9%AB%98%E6%A0%A1%E5%90%88%E6%A0%BC%E5%9F%BA%E6%BA%96%E4%B8%80%E8%A6%A7%E8%A1%A8/,40,https://www.waseda.jp/school/honjo/assets/uploads/2025/10/wasedahonjo_yoko2026.pdf,367-0032,埼玉県本庄市栗崎２３９－３,本庄市,埼玉県,埼玉県,36.212994,139.17569,埼玉県本庄市栗崎２３９番地,GSI Address Search,https://www.waseda.jp/school/honjo/,1982.0,私立,学校法人,40.0,40.0,取得済み,40,99.0,https://www.pref.saitama.lg.jp/documents/270983/r703_kousotsu_toukei6-10.xlsx,埼玉県公式統計,2025-03
8ce5d3d635,964b33bc7427,栄東,,普通科（東医クラス）,全日制,共学,71.0,https://www.eimeigakuin.jp/%E6%9C%80%E6%96%B0%E7%89%882024%E5%B9%B4%E5%BA%A6%E5%8F%97%E9%A8%93%E7%94%A8%E5%85%AC%E7%AB%8B%E7%A7%81%E7%AB%8B%E9%AB%98%E6%A0%A1%E5%90%88%E6%A0%BC%E5%9F%BA%E6%BA%96%E4%B8%80%E8%A6%A7%E8%A1%A8/,,,337-0054,埼玉県さいたま市見沼区砂町２－７７,さいたま市,埼玉県,埼玉県,35.946171,139.633621,埼玉県さいたま市見沼区砂町二丁目７７番地,GSI Address Search,https://www.sakaehigashi.ed.jp/,1978.0,私立,学校法人,,,高難度私立・一般/推薦選抜型,内申基準非公表/一般入試型,73.7,https://www.pref.saitama.lg.jp/documents/270983/r703_kousotsu_toukei6-10.xlsx,埼玉県公式統計,2025-03
5922970c36,985355ff4c20,立教新座,,普通科,全日制,共学,71.0,https://www.eimeigakuin.jp/%E6%9C%80%E6%96%B0%E7%89%882024%E5%B9%B4%E5%BA%A6%E5%8F%97%E9%A8%93%E7%94%A8%E5%85%AC%E7%AB%8B%E7%A7%81%E7%AB%8B%E9%AB%98%E6%A0%A1%E5%90%88%E6%A0%BC%E5%9F%BA%E6%BA%96%E4%B8%80%E8%A6%A7%E8%A1%A8/,,,352-8523,埼玉県新座市北野１－２－２５,新座市,埼玉県,埼玉県,35.813869,139.567917,埼玉県新座市北野一丁目２番２５号,GSI Address Search,https://niiza.rikkyo.ac.jp/,1948.0,私立,学校法人,,,高難度私立・一般/推薦選抜型,内申基準非公表/一般入試型,93.3,https://www.pref.saitama.lg.jp/documents/270983/r703_kousotsu_toukei6-10.xlsx,埼玉県公式統計,2025-03
8ce5d3d635,f9aa53ad4afc,栄東,,普通科（アルファ）,全日制,共学,70.0,https://www.eimeigakuin.jp/%E6%9C%80%E6%96%B0%E7%89%882024%E5%B9%B4%E5%BA%A6%E5%8F%97%E9%A8%93%E7%94%A8%E5%85%AC%E7%AB%8B%E7%A7%81%E7%AB%8B%E9%AB%98%E6%A0%A1%E5%90%88%E6%A0%BC%E5%9F%BA%E6%BA%96%E4%B8%80%E8%A6%A7%E8%A1%A8/,44.0,https://www.eimeigakuin.jp/%E6%9C%80%E6%96%B0%E7%89%882024%E5%B9%B4%E5%BA%A6%E5%8F%97%E9%A8%93%E7%94%A8%E5%85%AC%E7%AB%8B%E7%A7%81%E7%AB%8B%E9%AB%98%E6%A0%A1%E5%90%88%E6%A0%BC%E5%9F%BA%E6%BA%96%E4%B8%80%E8%A6%A7%E8%A1%A8/,337-0054,埼玉県さいたま市見沼区砂町２－７７,さいたま市,埼玉県,埼玉県,35.946171,139.633621,埼玉県さいたま市見沼区砂町二丁目７７番地,GSI Address Search,https://www.sakaehigashi.ed.jp/,1978.0,私立,学校法人,44.0,44.0,取得済み,44.0,73.7,https://www.pref.saitama.lg.jp/documents/270983/r703_kousotsu_toukei6-10.xlsx,埼玉県公式統計,2025-03
4969611c4f,ac9b164ea874,川越東,,普通科（理数）,全日制,男子校,69.0,https://www.eimeigakuin.jp/%E6%9C%80%E6%96%B0%E7%89%882024%E5%B9%B4%E5%BA%A6%E5%8F%97%E9%A8%93%E7%94%A8%E5%85%AC%E7%AB%8B%E7%A7%81%E7%AB%8B%E9%AB%98%E6%A0%A1%E5%90%88%E6%A0%BC%E5%9F%BA%E6%BA%96%E4%B8%80%E8%A6%A7%E8%A1%A8/,,,350-0011,埼玉県川越市久下戸６０６０,川越市,埼玉県,埼玉県,35.8941,139.551056,埼玉県川越市久下戸６０６０番地,GSI Address Search,https://www.kawagoehigashi.ed.jp/,1984.0,私立,学校法人,,,高難度私立・一般/推薦選抜型,内申基準非公表/一般入試型,72.9,https://www.pref.saitama.lg.jp/documents/270983/r703_kousotsu_toukei6-10.xlsx,埼玉県公式統計,2025-03
af7b3590c0,128652dfc38a,淑徳与野,,普通科（T類）,全日制,女子校,69.0,https://www.eimeigakuin.jp/%E6%9C%80%E6%96%B0%E7%89%882024%E5%B9%B4%E5%BA%A6%E5%8F%97%E9%A8%93%E7%94%A8%E5%85%AC%E7%AB%8B%E7%A7%81%E7%AB%8B%E9%AB%98%E6%A0%A1%E5%90%88%E6%A0%BC%E5%9F%BA%E6%BA%96%E4%B8%80%E8%A6%A7%E8%A1%A8/,,,338-0001,埼玉県さいたま市中央区上落合５－１９－１８,さいたま市,埼玉県,埼玉県,35.897133,139.627457,埼玉県さいたま市中央区上落合五丁目１９番１８号,GSI Address Search,https://www.shukutoku.yono.saitama.jp/,1948.0,私立,学校法人,,,高難度私立・一般/推薦選抜型,内申基準非公表/一般入試型,92.4,https://www.pref.saitama.lg.jp/documents/270983/r703_kousotsu_toukei6-10.xlsx,埼玉県公式統計,2025-03
0b0bdfa64d,ba7c886c7988,西武学園文理,,普通科（アカデミックチャレンジ）,全日制,共学,68.0,https://www.eimeigakuin.jp/%E6%9C%80%E6%96%B0%E7%89%882024%E5%B9%B4%E5%BA%A6%E5%8F%97%E9%A8%93%E7%94%A8%E5%85%AC%E7%AB%8B%E7%A7%81%E7%AB%8B%E9%AB%98%E6%A0%A1%E5%90%88%E6%A0%BC%E5%9F%BA%E6%BA%96%E4%B8%80%E8%A6%A7%E8%A1%A8/,42.0,https://www.eimeigakuin.jp/%E6%9C%80%E6%96%B0%E7%89%882024%E5%B9%B4%E5%BA%A6%E5%8F%97%E9%A8%93%E7%94%A8%E5%85%AC%E7%AB%8B%E7%A7%81%E7%AB%8B%E9%AB%98%E6%A0%A1%E5%90%88%E6%A0%BC%E5%9F%BA%E6%BA%96%E4%B8%80%E8%A6%A7%E8%A1%A8/,350-1336,埼玉県狭山市柏原新田３１１－１,狭山市,埼玉県,埼玉県,35.891426,139.418518,埼玉県狭山市柏原新田３１１番地,GSI Address Search,https://www.bunri-s.ed.jp/,1981.0,私立,学校法人,42.0,42.0,取得済み,42.0,76.2,https://www.pref.saitama.lg.jp/documents/270983/r703_kousotsu_toukei6-10.xlsx,埼玉県公式統計,2025-03
af7b3590c0,6fe85c6a4a3f,淑徳与野,,普通科（SS類・SA類）,全日制,女子校,67.0,https://www.eimeigakuin.jp/%E6%9C%80%E6%96%B0%E7%89%882024%E5%B9%B4%E5%BA%A6%E5%8F%97%E9%A8%93%E7%94%A8%E5%85%AC%E7%AB%8B%E7%A7%81%E7%AB%8B%E9%AB%98%E6%A0%A1%E5%90%88%E6%A0%BC%E5%9F%BA%E6%BA%96%E4%B8%80%E8%A6%A7%E8%A1%A8/,,,338-0001,埼玉県さいたま市中央区上落合５－１９－１８,さいたま市,埼玉県,埼玉県,35.897133,139.627457,埼玉県さいたま市中央区上落合五丁目１９番１８号,GSI Address Search,https://www.shukutoku.yono.saitama.jp/,1948.0,私立,学校法人,,,高難度私立・一般/推薦選抜型,内申基準非公表/一般入試型,92.4,https://www.pref.saitama.lg.jp/documents/270983/r703_kousotsu_toukei6-10.xlsx,埼玉県公式統計,2025-03
e3bb16f51d,60f351d4474c,星野,,普通科（Ⅲ類・女子）,全日制,女子校,67.0,https://www.eimeigakuin.jp/%E6%9C%80%E6%96%B0%E7%89%882024%E5%B9%B4%E5%BA%A6%E5%8F%97%E9%A8%93%E7%94%A8%E5%85%AC%E7%AB%8B%E7%A7%81%E7%AB%8B%E9%AB%98%E6%A0%A1%E5%90%88%E6%A0%BC%E5%9F%BA%E6%BA%96%E4%B8%80%E8%A6%A7%E8%A1%A8/,,,350-0064,埼玉県川越市末広町３－９－１,川越市,埼玉県,埼玉県,35.921688,139.476151,埼玉県川越市末広町三丁目９番,GSI Address Search,https://www.hoshinogakuen.ed.jp/,1964.0,私立,学校法人,,,埼玉私立・基準非公表/個別相談型,基準非公表/個別相談,89.3,https://www.pref.saitama.lg.jp/documents/270983/r703_kousotsu_toukei6-10.xlsx,埼玉県公式統計,2025-03
4969611c4f,f5f4943ea37b,川越東,,普通科,全日制,男子校,66.0,https://www.eimeigakuin.jp/%E6%9C%80%E6%96%B0%E7%89%882024%E5%B9%B4%E5%BA%A6%E5%8F%97%E9%A8%93%E7%94%A8%E5%85%AC%E7%AB%8B%E7%A7%81%E7%AB%8B%E9%AB%98%E6%A0%A1%E5%90%88%E6%A0%BC%E5%9F%BA%E6%BA%96%E4%B8%80%E8%A6%A7%E8%A1%A8/,40.0,https://www.eimeigakuin.jp/%E6%9C%80%E6%96%B0%E7%89%882024%E5%B9%B4%E5%BA%A6%E5%8F%97%E9%A8%93%E7%94%A8%E5%85%AC%E7%AB%8B%E7%A7%81%E7%AB%8B%E9%AB%98%E6%A0%A1%E5%90%88%E6%A0%BC%E5%9F%BA%E6%BA%96%E4%B8%80%E8%A6%A7%E8%A1%A8/,350-0011,埼玉県川越市久下戸６０６０,川越市,埼玉県,埼玉県,35.8941,139.551056,埼玉県川越市久下戸６０６０番地,GSI Address Search,https://www.kawagoehigashi.ed.jp/,1984.0,私立,学校法人,40.0,40.0,取得済み,40.0,72.9,https://www.pref.saitama.lg.jp/documents/270983/r703_kousotsu_toukei6-10.xlsx,埼玉県公式統計,2025-03
e8aa41454d,465b4b195c98,淑徳,,普通科（特進選抜）,全日制,共学,65.0,https://www.eimeigakuin.jp/%E6%9C%80%E6%96%B0%E7%89%882024%E5%B9%B4%E5%BA%A6%E5%8F%97%E9%A8%93%E7%94%A8%E5%85%AC%E7%AB%8B%E7%A7%81%E7%AB%8B%E9%AB%98%E6%A0%A1%E5%90%88%E6%A0%BC%E5%9F%BA%E6%BA%96%E4%B8%80%E8%A6%A7%E8%A1%A8/,23,https://tokyo-metropolitan-high-school.com/contents/heigan-yuugu-tokyo-5ka/,174-0063,東京都板橋区前野町5-14-1,板橋区,東京都,板橋区,35.76926,139.684799,東京都板橋区前野町五丁目１４番１号,GSI Address Search,https://www.shukutoku.ed.jp/,,私立,学校法人淑徳学園,23.0,23.0,取得済み,23,,,,2025-03
fc858f11a5,20d046a79e82,城西川越,,普通科（特進選抜）,全日制,男子校,65.0,https://www.eimeigakuin.jp/%E6%9C%80%E6%96%B0%E7%89%882024%E5%B9%B4%E5%BA%A6%E5%8F%97%E9%A8%93%E7%94%A8%E5%85%AC%E7%AB%8B%E7%A7%81%E7%AB%8B%E9%AB%98%E6%A0%A1%E5%90%88%E6%A0%BC%E5%9F%BA%E6%BA%96%E4%B8%80%E8%A6%A7%E8%A1%A8/,,,350-0822,埼玉県川越市山田東町1042,川越市,埼玉県,埼玉県,35.944225,139.477859,埼玉県川越市山田,GSI Address Search,https://www.k-josai.ed.jp/,1971.0,私立,学校法人城西川越学園,,,埼玉私立・コース別個別相談型,個別相談基準未確認,64.2,https://www.pref.saitama.lg.jp/documents/270983/r703_kousotsu_toukei6-10.xlsx,埼玉県公式統計,2025-03
bad3acfeac,3de933e9b29f,獨協埼玉,,普通科,全日制,共学,65.0,https://www.eimeigakuin.jp/%E6%9C%80%E6%96%B0%E7%89%882024%E5%B9%B4%E5%BA%A6%E5%8F%97%E9%A8%93%E7%94%A8%E5%85%AC%E7%AB%8B%E7%A7%81%E7%AB%8B%E9%AB%98%E6%A0%A1%E5%90%88%E6%A0%BC%E5%9F%BA%E6%BA%96%E4%B8%80%E8%A6%A7%E8%A1%A8/,,,343-0037,埼玉県越谷市恩間新田寺前３１６,越谷市,埼玉県,埼玉県,35.940262,139.756271,埼玉県越谷市恩間新田,GSI Address Search,https://www.dokkyo-saitama.ed.jp/,1980.0,私立,学校法人,,,埼玉私立・基準非公表/個別相談型,基準非公表/個別相談,89.0,https://www.pref.saitama.lg.jp/documents/270983/r703_kousotsu_toukei6-10.xlsx,埼玉県公式統計,2025-03
61ea0ae53a,2190f55eb7b7,埼玉栄,,普通科（α）,全日制,共学,65.0,https://www.eimeigakuin.jp/%E6%9C%80%E6%96%B0%E7%89%882024%E5%B9%B4%E5%BA%A6%E5%8F%97%E9%A8%93%E7%94%A8%E5%85%AC%E7%AB%8B%E7%A7%81%E7%AB%8B%E9%AB%98%E6%A0%A1%E5%90%88%E6%A0%BC%E5%9F%BA%E6%BA%96%E4%B8%80%E8%A6%A7%E8%A1%A8/,,,331-0078,埼玉県さいたま市西区西大宮３－１１－１,さいたま市,埼玉県,埼玉県,35.926434,139.579208,埼玉県さいたま市西区西大宮三丁目１１番地,GSI Address Search,https://www.saitamasakae-h.ed.jp/,1972.0,私立,学校法人,,,埼玉私立・コース別個別相談型,個別相談基準未確認,80.6,https://www.pref.saitama.lg.jp/documents/270983/r703_kousotsu_toukei6-10.xlsx,埼玉県公式統計,2025-03
7e053cd38f,b43772582f2b,大宮開成,,普通科（特進Ⅱ）,全日制,共学,64.0,https://www.eimeigakuin.jp/%E6%9C%80%E6%96%B0%E7%89%882024%E5%B9%B4%E5%BA%A6%E5%8F%97%E9%A8%93%E7%94%A8%E5%85%AC%E7%AB%8B%E7%A7%81%E7%AB%8B%E9%AB%98%E6%A0%A1%E5%90%88%E6%A0%BC%E5%9F%BA%E6%BA%96%E4%B8%80%E8%A6%A7%E8%A1%A8/,39.0,https://www.eimeigakuin.jp/%E6%9C%80%E6%96%B0%E7%89%882024%E5%B9%B4%E5%BA%A6%E5%8F%97%E9%A8%93%E7%94%A8%E5%85%AC%E7%AB%8B%E7%A7%81%E7%AB%8B%E9%AB%98%E6%A0%A1%E5%90%88%E6%A0%BC%E5%9F%BA%E6%BA%96%E4%B8%80%E8%A6%A7%E8%A1%A8/,330-8567,埼玉県さいたま市大宮区堀の内町１－６１５,さいたま市,埼玉県,埼玉県,35.912548,139.643799,埼玉県さいたま市大宮区堀の内町一丁目６１５番地,GSI Address Search,https://www.omiyakaisei.jp/,1959.0,私立,学校法人,39.0,39.0,取得済み,39.0,94.3,https://www.pref.saitama.lg.jp/documents/270983/r703_kousotsu_toukei6-10.xlsx,埼玉県公式統計,2025-03
1def45c0ce,bff941bc0629,東京工業高専,,高等専門学校,全日制,共学,64.0,https://www.eimeigakuin.jp/%E6%9C%80%E6%96%B0%E7%89%882024%E5%B9%B4%E5%BA%A6%E5%8F%97%E9%A8%93%E7%94%A8%E5%85%AC%E7%AB%8B%E7%A7%81%E7%AB%8B%E9%AB%98%E6%A0%A1%E5%90%88%E6%A0%BC%E5%9F%BA%E6%BA%96%E4%B8%80%E8%A6%A7%E8%A1%A8/,39.0,https://www.eimeigakuin.jp/%E6%9C%80%E6%96%B0%E7%89%882024%E5%B9%B4%E5%BA%A6%E5%8F%97%E9%A8%93%E7%94%A8%E5%85%AC%E7%AB%8B%E7%A7%81%E7%AB%8B%E9%AB%98%E6%A0%A1%E5%90%88%E6%A0%BC%E5%9F%BA%E6%BA%96%E4%B8%80%E8%A6%A7%E8%A1%A8/,193-0997,東京都八王子市椚田町1220-2,八王子市,東京都,東京都,35.639267,139.299179,東京都八王子市椚田町１２２０番地,GSI Address Search,https://www.tokyo-ct.ac.jp/,,国立,独立行政法人国立高等専門学校機構,39.0,39.0,取得済み,39.0,,,,2025-03
98beba8134,3a73ce443e3d,細田学園,,普通科（特進）,全日制,共学,63.0,https://www.eimeigakuin.jp/%E6%9C%80%E6%96%B0%E7%89%882024%E5%B9%B4%E5%BA%A6%E5%8F%97%E9%A8%93%E7%94%A8%E5%85%AC%E7%AB%8B%E7%A7%81%E7%AB%8B%E9%AB%98%E6%A0%A1%E5%90%88%E6%A0%BC%E5%9F%BA%E6%BA%96%E4%B8%80%E8%A6%A7%E8%A1%A8/,,,353-0004,埼玉県志木市本町２－７－１,志木市,埼玉県,埼玉県,35.832279,139.581818,埼玉県志木市本町二丁目７番,GSI Address Search,https://www.hosodagakuen.jp/,1948.0,私立,学校法人,,,埼玉私立・コース別個別相談型,個別相談基準未確認,84.7,https://www.pref.saitama.lg.jp/documents/270983/r703_kousotsu_toukei6-10.xlsx,埼玉県公式統計,2025-03
822be4b2e3,aa85941ac8fe,城北埼玉,,普通科,全日制,男子校,63.0,https://www.eimeigakuin.jp/%E6%9C%80%E6%96%B0%E7%89%882024%E5%B9%B4%E5%BA%A6%E5%8F%97%E9%A8%93%E7%94%A8%E5%85%AC%E7%AB%8B%E7%A7%81%E7%AB%8B%E9%AB%98%E6%A0%A1%E5%90%88%E6%A0%BC%E5%9F%BA%E6%BA%96%E4%B8%80%E8%A6%A7%E8%A1%A8/,,,350-0014,埼玉県川越市古市場５８５－１,川越市,埼玉県,埼玉県,35.885895,139.529984,埼玉県川越市古市場５８５番地,GSI Address Search,https://www.johokusaitama.ac.jp/,1980.0,私立,学校法人,,,埼玉私立・基準非公表/個別相談型,基準非公表/個別相談,74.9,https://www.pref.saitama.lg.jp/documents/270983/r703_kousotsu_toukei6-10.xlsx,埼玉県公式統計,2025-03
41106e6f9e,79e64b9c0cd7,山村学園,,普通科（特SA）,全日制,共学,63.0,https://www.eimeigakuin.jp/%E6%9C%80%E6%96%B0%E7%89%882024%E5%B9%B4%E5%BA%A6%E5%8F%97%E9%A8%93%E7%94%A8%E5%85%AC%E7%AB%8B%E7%A7%81%E7%AB%8B%E9%AB%98%E6%A0%A1%E5%90%88%E6%A0%BC%E5%9F%BA%E6%BA%96%E4%B8%80%E8%A6%A7%E8%A1%A8/,,,350-1113,埼玉県川越市田町１６－２,川越市,埼玉県,埼玉県,35.916656,139.475021,埼玉県川越市田町１６番,GSI Address Search,https://www.yamamuragakuen.ed.jp/,1959.0,私立,学校法人,,,埼玉私立・コース別個別相談型,個別相談基準未確認,84.7,https://www.pref.saitama.lg.jp/documents/270983/r703_kousotsu_toukei6-10.xlsx,埼玉県公式統計,2025-03
7ec06d32df,2643dbe0c235,淑徳巣鴨,,普通科（選抜）,全日制,共学,63.0,https://www.eimeigakuin.jp/%E6%9C%80%E6%96%B0%E7%89%882024%E5%B9%B4%E5%BA%A6%E5%8F%97%E9%A8%93%E7%94%A8%E5%85%AC%E7%AB%8B%E7%A7%81%E7%AB%8B%E9%AB%98%E6%A0%A1%E5%90%88%E6%A0%BC%E5%9F%BA%E6%BA%96%E4%B8%80%E8%A6%A7%E8%A1%A8/,24,https://tokyo-metropolitan-high-school.com/contents/heigan-yuugu-tokyo-5ka/,170-0001,東京都豊島区西巣鴨2-22-16,豊島区,東京都,豊島区,35.741478,139.72612,東京都豊島区西巣鴨二丁目２２番１６号,GSI Address Search,https://www.shukusu.ed.jp/,,私立,学校法人淑徳巣鴨学園,24.0,24.0,取得済み,24,,,,2025-03
e3bb16f51d,241606674cf1,星野,,普通科（文理特進・女子）,全日制,女子校,62.0,https://www.eimeigakuin.jp/%E6%9C%80%E6%96%B0%E7%89%882024%E5%B9%B4%E5%BA%A6%E5%8F%97%E9%A8%93%E7%94%A8%E5%85%AC%E7%AB%8B%E7%A7%81%E7%AB%8B%E9%AB%98%E6%A0%A1%E5%90%88%E6%A0%BC%E5%9F%BA%E6%BA%96%E4%B8%80%E8%A6%A7%E8%A1%A8/,38.0,https://www.eimeigakuin.jp/%E6%9C%80%E6%96%B0%E7%89%882024%E5%B9%B4%E5%BA%A6%E5%8F%97%E9%A8%93%E7%94%A8%E5%85%AC%E7%AB%8B%E7%A7%81%E7%AB%8B%E9%AB%98%E6%A0%A1%E5%90%88%E6%A0%BC%E5%9F%BA%E6%BA%96%E4%B8%80%E8%A6%A7%E8%A1%A8/,350-0064,埼玉県川越市末広町３－９－１,川越市,埼玉県,埼玉県,35.921688,139.476151,埼玉県川越市末広町三丁目９番,GSI Address Search,https://www.hoshinogakuen.ed.jp/,1964.0,私立,学校法人,38.0,38.0,取得済み,38.0,89.3,https://www.pref.saitama.lg.jp/documents/270983/r703_kousotsu_toukei6-10.xlsx,埼玉県公式統計,2025-03
0b0bdfa64d,d774aa4bcf19,西武学園文理,,普通科（アカデミックマルチパス）,全日制,共学,62.0,https://www.eimeigakuin.jp/%E6%9C%80%E6%96%B0%E7%89%882024%E5%B9%B4%E5%BA%A6%E5%8F%97%E9%A8%93%E7%94%A8%E5%85%AC%E7%AB%8B%E7%A7%81%E7%AB%8B%E9%AB%98%E6%A0%A1%E5%90%88%E6%A0%BC%E5%9F%BA%E6%BA%96%E4%B8%80%E8%A6%A7%E8%A1%A8/,38.0,https://www.eimeigakuin.jp/%E6%9C%80%E6%96%B0%E7%89%882024%E5%B9%B4%E5%BA%A6%E5%8F%97%E9%A8%93%E7%94%A8%E5%85%AC%E7%AB%8B%E7%A7%81%E7%AB%8B%E9%AB%98%E6%A0%A1%E5%90%88%E6%A0%BC%E5%9F%BA%E6%BA%96%E4%B8%80%E8%A6%A7%E8%A1%A8/,350-1336,埼玉県狭山市柏原新田３１１－１,狭山市,埼玉県,埼玉県,35.891426,139.418518,埼玉県狭山市柏原新田３１１番地,GSI Address Search,https://www.bunri-s.ed.jp/,1981.0,私立,学校法人,38.0,38.0,取得済み,38.0,76.2,https://www.pref.saitama.lg.jp/documents/270983/r703_kousotsu_toukei6-10.xlsx,埼玉県公式統計,2025-03
61ea0ae53a,98fecbcf035b,埼玉栄,,普通科（S）,全日制,共学,61.0,https://www.eimeigakuin.jp/%E6%9C%80%E6%96%B0%E7%89%882024%E5%B9%B4%E5%BA%A6%E5%8F%97%E9%A8%93%E7%94%A8%E5%85%AC%E7%AB%8B%E7%A7%81%E7%AB%8B%E9%AB%98%E6%A0%A1%E5%90%88%E6%A0%BC%E5%9F%BA%E6%BA%96%E4%B8%80%E8%A6%A7%E8%A1%A8/,,,331-0078,埼玉県さいたま市西区西大宮３－１１－１,さいたま市,埼玉県,埼玉県,35.926434,139.579208,埼玉県さいたま市西区西大宮三丁目１１番地,GSI Address Search,https://www.saitamasakae-h.ed.jp/,1972.0,私立,学校法人,,,埼玉私立・コース別個別相談型,個別相談基準未確認,80.6,https://www.pref.saitama.lg.jp/documents/270983/r703_kousotsu_toukei6-10.xlsx,埼玉県公式統計,2025-03
d9eb2b53a0,a6bd19a8564e,春日部共栄,,普通科（特進S）,全日制,共学,61.0,https://www.eimeigakuin.jp/%E6%9C%80%E6%96%B0%E7%89%882024%E5%B9%B4%E5%BA%A6%E5%8F%97%E9%A8%93%E7%94%A8%E5%85%AC%E7%AB%8B%E7%A7%81%E7%AB%8B%E9%AB%98%E6%A0%A1%E5%90%88%E6%A0%BC%E5%9F%BA%E6%BA%96%E4%B8%80%E8%A6%A7%E8%A1%A8/,,,344-0037,埼玉県春日部市上大増新田２１３,春日部市,埼玉県,埼玉県,35.959778,139.74086,埼玉県春日部市上大増新田２１３番地,GSI Address Search,https://www.k-kyoei.ed.jp/,1980.0,私立,学校法人,,,埼玉私立・コース別個別相談型,個別相談基準未確認,80.9,https://www.pref.saitama.lg.jp/documents/270983/r703_kousotsu_toukei6-10.xlsx,埼玉県公式統計,2025-03
88c3e574dd,66b54d09936d,日本大学豊山女子,,普通科,全日制,女子校,60.0,https://www.eimeigakuin.jp/%E6%9C%80%E6%96%B0%E7%89%882024%E5%B9%B4%E5%BA%A6%E5%8F%97%E9%A8%93%E7%94%A8%E5%85%AC%E7%AB%8B%E7%A7%81%E7%AB%8B%E9%AB%98%E6%A0%A1%E5%90%88%E6%A0%BC%E5%9F%BA%E6%BA%96%E4%B8%80%E8%A6%A7%E8%A1%A8/,37.0,https://www.eimeigakuin.jp/%E6%9C%80%E6%96%B0%E7%89%882024%E5%B9%B4%E5%BA%A6%E5%8F%97%E9%A8%93%E7%94%A8%E5%85%AC%E7%AB%8B%E7%A7%81%E7%AB%8B%E9%AB%98%E6%A0%A1%E5%90%88%E6%A0%BC%E5%9F%BA%E6%BA%96%E4%B8%80%E8%A6%A7%E8%A1%A8/,174-0064,東京都板橋区中台3-15-1,板橋区,東京都,板橋区,35.771847,139.678497,東京都板橋区中台三丁目１５番,GSI Address Search,https://www.buzan-joshi.hs.nihon-u.ac.jp/,,私立,学校法人日本大学,37.0,37.0,取得済み,37.0,93.7,https://school.js88.com/scl_h/22039820?page=8,JS日本の学校,2025-03
0b0bdfa64d,b8760769d058,西武学園文理,,理数科（先端サイエンス）,全日制,共学,60.0,https://www.eimeigakuin.jp/%E6%9C%80%E6%96%B0%E7%89%882024%E5%B9%B4%E5%BA%A6%E5%8F%97%E9%A8%93%E7%94%A8%E5%85%AC%E7%AB%8B%E7%A7%81%E7%AB%8B%E9%AB%98%E6%A0%A1%E5%90%88%E6%A0%BC%E5%9F%BA%E6%BA%96%E4%B8%80%E8%A6%A7%E8%A1%A8/,37.0,https://www.eimeigakuin.jp/%E6%9C%80%E6%96%B0%E7%89%882024%E5%B9%B4%E5%BA%A6%E5%8F%97%E9%A8%93%E7%94%A8%E5%85%AC%E7%AB%8B%E7%A7%81%E7%AB%8B%E9%AB%98%E6%A0%A1%E5%90%88%E6%A0%BC%E5%9F%BA%E6%BA%96%E4%B8%80%E8%A6%A7%E8%A1%A8/,350-1336,埼玉県狭山市柏原新田３１１－１,狭山市,埼玉県,埼玉県,35.891426,139.418518,埼玉県狭山市柏原新田３１１番地,GSI Address Search,https://www.bunri-s.ed.jp/,1981.0,私立,学校法人,37.0,37.0,取得済み,37.0,77.4,https://www.pref.saitama.lg.jp/documents/270983/r703_kousotsu_toukei6-10.xlsx,埼玉県公式統計,2025-03
7ec06d32df,7000a3858875,淑徳巣鴨,,普通科（特進）,全日制,共学,60.0,https://www.eimeigakuin.jp/%E6%9C%80%E6%96%B0%E7%89%882024%E5%B9%B4%E5%BA%A6%E5%8F%97%E9%A8%93%E7%94%A8%E5%85%AC%E7%AB%8B%E7%A7%81%E7%AB%8B%E9%AB%98%E6%A0%A1%E5%90%88%E6%A0%BC%E5%9F%BA%E6%BA%96%E4%B8%80%E8%A6%A7%E8%A1%A8/,37.0,https://www.eimeigakuin.jp/%E6%9C%80%E6%96%B0%E7%89%882024%E5%B9%B4%E5%BA%A6%E5%8F%97%E9%A8%93%E7%94%A8%E5%85%AC%E7%AB%8B%E7%A7%81%E7%AB%8B%E9%AB%98%E6%A0%A1%E5%90%88%E6%A0%BC%E5%9F%BA%E6%BA%96%E4%B8%80%E8%A6%A7%E8%A1%A8/,170-0001,東京都豊島区西巣鴨2-22-16,豊島区,東京都,豊島区,35.741478,139.72612,東京都豊島区西巣鴨二丁目２２番１６号,GSI Address Search,https://www.shukusu.ed.jp/,,私立,学校法人淑徳巣鴨学園,37.0,37.0,取得済み,37.0,,,,2025-03
822be4b2e3,aacdf6912738,城北埼玉,,普通科（本科特進）,全日制,男子校,60.0,https://www.eimeigakuin.jp/%E6%9C%80%E6%96%B0%E7%89%882024%E5%B9%B4%E5%BA%A6%E5%8F%97%E9%A8%93%E7%94%A8%E5%85%AC%E7%AB%8B%E7%A7%81%E7%AB%8B%E9%AB%98%E6%A0%A1%E5%90%88%E6%A0%BC%E5%9F%BA%E6%BA%96%E4%B8%80%E8%A6%A7%E8%A1%A8/,37.0,https://www.eimeigakuin.jp/%E6%9C%80%E6%96%B0%E7%89%882024%E5%B9%B4%E5%BA%A6%E5%8F%97%E9%A8%93%E7%94%A8%E5%85%AC%E7%AB%8B%E7%A7%81%E7%AB%8B%E9%AB%98%E6%A0%A1%E5%90%88%E6%A0%BC%E5%9F%BA%E6%BA%96%E4%B8%80%E8%A6%A7%E8%A1%A8/,350-0014,埼玉県川越市古市場５８５－１,川越市,埼玉県,埼玉県,35.885895,139.529984,埼玉県川越市古市場５８５番地,GSI Address Search,https://www.johokusaitama.ac.jp/,1980.0,私立,学校法人,37.0,37.0,取得済み,37.0,74.9,https://www.pref.saitama.lg.jp/documents/270983/r703_kousotsu_toukei6-10.xlsx,埼玉県公式統計,2025-03
98beba8134,f9f0ebba1851,細田学園,,普通科（選抜G）,全日制,共学,59.0,https://www.eimeigakuin.jp/%E6%9C%80%E6%96%B0%E7%89%882024%E5%B9%B4%E5%BA%A6%E5%8F%97%E9%A8%93%E7%94%A8%E5%85%AC%E7%AB%8B%E7%A7%81%E7%AB%8B%E9%AB%98%E6%A0%A1%E5%90%88%E6%A0%BC%E5%9F%BA%E6%BA%96%E4%B8%80%E8%A6%A7%E8%A1%A8/,,,353-0004,埼玉県志木市本町２－７－１,志木市,埼玉県,埼玉県,35.832279,139.581818,埼玉県志木市本町二丁目７番,GSI Address Search,https://www.hosodagakuen.jp/,1948.0,私立,学校法人,,,埼玉私立・コース別個別相談型,個別相談基準未確認,84.7,https://www.pref.saitama.lg.jp/documents/270983/r703_kousotsu_toukei6-10.xlsx,埼玉県公式統計,2025-03
fc858f11a5,dbd069b9a0bc,城西川越,,普通科（進学）,全日制,男子校,59.0,https://www.eimeigakuin.jp/%E6%9C%80%E6%96%B0%E7%89%882024%E5%B9%B4%E5%BA%A6%E5%8F%97%E9%A8%93%E7%94%A8%E5%85%AC%E7%AB%8B%E7%A7%81%E7%AB%8B%E9%AB%98%E6%A0%A1%E5%90%88%E6%A0%BC%E5%9F%BA%E6%BA%96%E4%B8%80%E8%A6%A7%E8%A1%A8/,,,350-0822,埼玉県川越市山田東町1042,川越市,埼玉県,埼玉県,35.944225,139.477859,埼玉県川越市山田,GSI Address Search,https://www.k-josai.ed.jp/,1971.0,私立,学校法人城西川越学園,,,埼玉私立・基準非公表/個別相談型,基準非公表/個別相談,64.2,https://www.pref.saitama.lg.jp/documents/270983/r703_kousotsu_toukei6-10.xlsx,埼玉県公式統計,2025-03
42a38b8107,8bbaeaab5e4b,狭山ヶ丘,,普通科（Ⅲ類）,全日制,共学,59.0,https://www.eimeigakuin.jp/%E6%9C%80%E6%96%B0%E7%89%882024%E5%B9%B4%E5%BA%A6%E5%8F%97%E9%A8%93%E7%94%A8%E5%85%AC%E7%AB%8B%E7%A7%81%E7%AB%8B%E9%AB%98%E6%A0%A1%E5%90%88%E6%A0%BC%E5%9F%BA%E6%BA%96%E4%B8%80%E8%A6%A7%E8%A1%A8/,17-18,https://www.studyh.jp/kanto/special/naisin/index.html,358-0011,埼玉県入間市下藤沢９８１,入間市,埼玉県,埼玉県,35.818626,139.401794,埼玉県入間市下藤沢９８１番地,GSI Address Search,https://www.sayamagaoka-h.ed.jp/,1960.0,私立,学校法人,17.0,18.0,取得済み,17-18,85.8,https://www.pref.saitama.lg.jp/documents/270983/r703_kousotsu_toukei6-10.xlsx,埼玉県公式統計,2025-03
b7462ac5a6,0b0b05d41764,武蔵越生,,普通科（S特）,全日制,共学,59.0,https://www.eimeigakuin.jp/%E6%9C%80%E6%96%B0%E7%89%882024%E5%B9%B4%E5%BA%A6%E5%8F%97%E9%A8%93%E7%94%A8%E5%85%AC%E7%AB%8B%E7%A7%81%E7%AB%8B%E9%AB%98%E6%A0%A1%E5%90%88%E6%A0%BC%E5%9F%BA%E6%BA%96%E4%B8%80%E8%A6%A7%E8%A1%A8/,,,350-0417,埼玉県越生町上野東１－３－１０,越生町,埼玉県,埼玉県,35.953217,139.310806,埼玉県越生町上野東一丁目３番,GSI Address Search,https://www.musashiogose-h.ed.jp/,1960.0,私立,学校法人,,,埼玉私立・コース別個別相談型,個別相談基準未確認,80.8,https://www.pref.saitama.lg.jp/documents/270983/r703_kousotsu_toukei6-10.xlsx,埼玉県公式統計,2025-03
98beba8134,ad21fa236fa2,細田学園,,普通科（選抜L）,全日制,共学,58.0,https://www.eimeigakuin.jp/%E6%9C%80%E6%96%B0%E7%89%882024%E5%B9%B4%E5%BA%A6%E5%8F%97%E9%A8%93%E7%94%A8%E5%85%AC%E7%AB%8B%E7%A7%81%E7%AB%8B%E9%AB%98%E6%A0%A1%E5%90%88%E6%A0%BC%E5%9F%BA%E6%BA%96%E4%B8%80%E8%A6%A7%E8%A1%A8/,35.0,https://www.eimeigakuin.jp/%E6%9C%80%E6%96%B0%E7%89%882024%E5%B9%B4%E5%BA%A6%E5%8F%97%E9%A8%93%E7%94%A8%E5%85%AC%E7%AB%8B%E7%A7%81%E7%AB%8B%E9%AB%98%E6%A0%A1%E5%90%88%E6%A0%BC%E5%9F%BA%E6%BA%96%E4%B8%80%E8%A6%A7%E8%A1%A8/,353-0004,埼玉県志木市本町２－７－１,志木市,埼玉県,埼玉県,35.832279,139.581818,埼玉県志木市本町二丁目７番,GSI Address Search,https://www.hosodagakuen.jp/,1948.0,私立,学校法人,35.0,35.0,取得済み,35.0,84.7,https://www.pref.saitama.lg.jp/documents/270983/r703_kousotsu_toukei6-10.xlsx,埼玉県公式統計,2025-03
cf9cb54528,3a15bb01d61c,桜丘,,普通科,全日制,共学,58.0,https://www.eimeigakuin.jp/%E6%9C%80%E6%96%B0%E7%89%882024%E5%B9%B4%E5%BA%A6%E5%8F%97%E9%A8%93%E7%94%A8%E5%85%AC%E7%AB%8B%E7%A7%81%E7%AB%8B%E9%AB%98%E6%A0%A1%E5%90%88%E6%A0%BC%E5%9F%BA%E6%BA%96%E4%B8%80%E8%A6%A7%E8%A1%A8/,35.0,https://www.eimeigakuin.jp/%E6%9C%80%E6%96%B0%E7%89%882024%E5%B9%B4%E5%BA%A6%E5%8F%97%E9%A8%93%E7%94%A8%E5%85%AC%E7%AB%8B%E7%A7%81%E7%AB%8B%E9%AB%98%E6%A0%A1%E5%90%88%E6%A0%BC%E5%9F%BA%E6%BA%96%E4%B8%80%E8%A6%A7%E8%A1%A8/,114-8554,東京都北区滝野川1-51-12,北区,東京都,東京都近隣区外,35.748512,139.73526,東京都北区滝野川一丁目５１番１２号,GSI Address Search,https://www.sakuragaoka.ac.jp/,,私立,学校法人桜丘,35.0,35.0,取得済み,35.0,97.1,https://sakuragaoka.ac.jp/achievement/index.html,school_official,2026年春（公式ページ掲載値）
54fdea4eee,2ef3ed171152,西武台,,普通科（選抜Ⅰ）,全日制,共学,58.0,https://www.eimeigakuin.jp/%E6%9C%80%E6%96%B0%E7%89%882024%E5%B9%B4%E5%BA%A6%E5%8F%97%E9%A8%93%E7%94%A8%E5%85%AC%E7%AB%8B%E7%A7%81%E7%AB%8B%E9%AB%98%E6%A0%A1%E5%90%88%E6%A0%BC%E5%9F%BA%E6%BA%96%E4%B8%80%E8%A6%A7%E8%A1%A8/,35.0,https://www.eimeigakuin.jp/%E6%9C%80%E6%96%B0%E7%89%882024%E5%B9%B4%E5%BA%A6%E5%8F%97%E9%A8%93%E7%94%A8%E5%85%AC%E7%AB%8B%E7%A7%81%E7%AB%8B%E9%AB%98%E6%A0%A1%E5%90%88%E6%A0%BC%E5%9F%BA%E6%BA%96%E4%B8%80%E8%A6%A7%E8%A1%A8/,352-8508,埼玉県新座市中野２－９－１,新座市,埼玉県,埼玉県,35.819359,139.548782,埼玉県新座市中野二丁目９番１号,GSI Address Search,https://www.seibudai.ed.jp/,1981.0,私立,学校法人,35.0,35.0,取得済み,35.0,72.2,https://www.pref.saitama.lg.jp/documents/270983/r703_kousotsu_toukei6-10.xlsx,埼玉県公式統計,2025-03
808f8ded8b,7cf7935a3234,東京家政大学附属女子,,普通科,全日制,女子校,58.0,https://www.eimeigakuin.jp/%E6%9C%80%E6%96%B0%E7%89%882024%E5%B9%B4%E5%BA%A6%E5%8F%97%E9%A8%93%E7%94%A8%E5%85%AC%E7%AB%8B%E7%A7%81%E7%AB%8B%E9%AB%98%E6%A0%A1%E5%90%88%E6%A0%BC%E5%9F%BA%E6%BA%96%E4%B8%80%E8%A6%A7%E8%A1%A8/,35.0,https://www.eimeigakuin.jp/%E6%9C%80%E6%96%B0%E7%89%882024%E5%B9%B4%E5%BA%A6%E5%8F%97%E9%A8%93%E7%94%A8%E5%85%AC%E7%AB%8B%E7%A7%81%E7%AB%8B%E9%AB%98%E6%A0%A1%E5%90%88%E6%A0%BC%E5%9F%BA%E6%BA%96%E4%B8%80%E8%A6%A7%E8%A1%A8/,173-8602,東京都板橋区加賀1-18-1,板橋区,東京都,板橋区,35.756275,139.719482,東京都板橋区加賀一丁目１８番１号,GSI Address Search,https://www.tokyo-kasei.ed.jp/,,私立,学校法人渡辺学園,35.0,35.0,取得済み,35.0,,,,2025-03
e3bb16f51d,40bc30ec5319,星野,,普通科（β共学）,全日制,女子校,58.0,https://www.eimeigakuin.jp/%E6%9C%80%E6%96%B0%E7%89%882024%E5%B9%B4%E5%BA%A6%E5%8F%97%E9%A8%93%E7%94%A8%E5%85%AC%E7%AB%8B%E7%A7%81%E7%AB%8B%E9%AB%98%E6%A0%A1%E5%90%88%E6%A0%BC%E5%9F%BA%E6%BA%96%E4%B8%80%E8%A6%A7%E8%A1%A8/,35.0,https://www.eimeigakuin.jp/%E6%9C%80%E6%96%B0%E7%89%882024%E5%B9%B4%E5%BA%A6%E5%8F%97%E9%A8%93%E7%94%A8%E5%85%AC%E7%AB%8B%E7%A7%81%E7%AB%8B%E9%AB%98%E6%A0%A1%E5%90%88%E6%A0%BC%E5%9F%BA%E6%BA%96%E4%B8%80%E8%A6%A7%E8%A1%A8/,350-0064,埼玉県川越市末広町３－９－１,川越市,埼玉県,埼玉県,35.921688,139.476151,埼玉県川越市末広町三丁目９番,GSI Address Search,https://www.hoshinogakuen.ed.jp/,1964.0,私立,学校法人,35.0,35.0,取得済み,35.0,89.3,https://www.pref.saitama.lg.jp/documents/270983/r703_kousotsu_toukei6-10.xlsx,埼玉県公式統計,2025-03
49e719e0fb,9369d6587751,埼玉平成,,普通科（S特進）,全日制,共学,58.0,https://www.eimeigakuin.jp/%E6%9C%80%E6%96%B0%E7%89%882024%E5%B9%B4%E5%BA%A6%E5%8F%97%E9%A8%93%E7%94%A8%E5%85%AC%E7%AB%8B%E7%A7%81%E7%AB%8B%E9%AB%98%E6%A0%A1%E5%90%88%E6%A0%BC%E5%9F%BA%E6%BA%96%E4%B8%80%E8%A6%A7%E8%A1%A8/,35.0,https://www.eimeigakuin.jp/%E6%9C%80%E6%96%B0%E7%89%882024%E5%B9%B4%E5%BA%A6%E5%8F%97%E9%A8%93%E7%94%A8%E5%85%AC%E7%AB%8B%E7%A7%81%E7%AB%8B%E9%AB%98%E6%A0%A1%E5%90%88%E6%A0%BC%E5%9F%BA%E6%BA%96%E4%B8%80%E8%A6%A7%E8%A1%A8/,350-0434,埼玉県毛呂山町市場３３３－１,毛呂山町,埼玉県,埼玉県,35.939026,139.342514,埼玉県毛呂山町市場３３３番地,GSI Address Search,https://www.saitamaheisei.ed.jp/,1984.0,私立,学校法人,35.0,35.0,取得済み,35.0,63.7,https://www.pref.saitama.lg.jp/documents/270983/r703_kousotsu_toukei6-10.xlsx,埼玉県公式統計,2025-03
94cee64504,7f688e82ae54,叡明,,普通科（特進Ⅱ）,全日制,共学,57.0,https://www.eimeigakuin.jp/%E6%9C%80%E6%96%B0%E7%89%882024%E5%B9%B4%E5%BA%A6%E5%8F%97%E9%A8%93%E7%94%A8%E5%85%AC%E7%AB%8B%E7%A7%81%E7%AB%8B%E9%AB%98%E6%A0%A1%E5%90%88%E6%A0%BC%E5%9F%BA%E6%BA%96%E4%B8%80%E8%A6%A7%E8%A1%A8/,,,343-0828,埼玉県越谷市レイクタウン７－２－１,越谷市,埼玉県,埼玉県,35.874363,139.816956,埼玉県越谷市レイクタウン七丁目２番,GSI Address Search,https://www.eimei-urawareimei.ac.jp/eimei/,1959.0,私立,学校法人,,,埼玉私立・コース別個別相談型,個別相談基準未確認,86.5,https://www.pref.saitama.lg.jp/documents/270983/r703_kousotsu_toukei6-10.xlsx,埼玉県公式統計,2025-03
137b134dff,9f397125f98a,山村国際,,普通科（特進）,全日制,共学,57.0,https://www.eimeigakuin.jp/%E6%9C%80%E6%96%B0%E7%89%882024%E5%B9%B4%E5%BA%A6%E5%8F%97%E9%A8%93%E7%94%A8%E5%85%AC%E7%AB%8B%E7%A7%81%E7%AB%8B%E9%AB%98%E6%A0%A1%E5%90%88%E6%A0%BC%E5%9F%BA%E6%BA%96%E4%B8%80%E8%A6%A7%E8%A1%A8/,,,350-0214,埼玉県坂戸市千代田１－２－２３,坂戸市,埼玉県,埼玉県,35.955723,139.400848,埼玉県坂戸市千代田一丁目２番２３号,GSI Address Search,https://www.yamamurakokusai.ed.jp/,1950.0,私立,学校法人,,,埼玉私立・コース別個別相談型,個別相談基準未確認,69.6,https://www.pref.saitama.lg.jp/documents/270983/r703_kousotsu_toukei6-10.xlsx,埼玉県公式統計,2025-03
3867ea5587,685e8a0bde82,武南,,普通科（選抜進学）,全日制,共学,57.0,https://www.eimeigakuin.jp/%E6%9C%80%E6%96%B0%E7%89%882024%E5%B9%B4%E5%BA%A6%E5%8F%97%E9%A8%93%E7%94%A8%E5%85%AC%E7%AB%8B%E7%A7%81%E7%AB%8B%E9%AB%98%E6%A0%A1%E5%90%88%E6%A0%BC%E5%9F%BA%E6%BA%96%E4%B8%80%E8%A6%A7%E8%A1%A8/,,,335-0002,埼玉県蕨市塚越５－１０－２１,蕨市,埼玉県,埼玉県,35.823086,139.704941,埼玉県蕨市塚越五丁目１０番２１号,GSI Address Search,https://www.bunan.ed.jp/,1963.0,私立,学校法人,,,埼玉私立・コース別個別相談型,個別相談基準未確認,84.7,https://www.pref.saitama.lg.jp/documents/270983/r703_kousotsu_toukei6-10.xlsx,埼玉県公式統計,2025-03
e08c5a3799,fb13f4efd2f5,筑波大学附属坂戸,,総合科学科（IG/SG）,全日制,共学,56.0,https://www.eimeigakuin.jp/%E6%9C%80%E6%96%B0%E7%89%882024%E5%B9%B4%E5%BA%A6%E5%8F%97%E9%A8%93%E7%94%A8%E5%85%AC%E7%AB%8B%E7%A7%81%E7%AB%8B%E9%AB%98%E6%A0%A1%E5%90%88%E6%A0%BC%E5%9F%BA%E6%BA%96%E4%B8%80%E8%A6%A7%E8%A1%A8/,34.0,https://www.eimeigakuin.jp/%E6%9C%80%E6%96%B0%E7%89%882024%E5%B9%B4%E5%BA%A6%E5%8F%97%E9%A8%93%E7%94%A8%E5%85%AC%E7%AB%8B%E7%A7%81%E7%AB%8B%E9%AB%98%E6%A0%A1%E5%90%88%E6%A0%BC%E5%9F%BA%E6%BA%96%E4%B8%80%E8%A6%A7%E8%A1%A8/,350-0214,埼玉県坂戸市千代田1-24-1,坂戸市,埼玉県,埼玉県,35.95472,139.403961,埼玉県坂戸市千代田一丁目２４番１号,GSI Address Search,https://www.sakado-s.tsukuba.ac.jp/,,国立,国立大学法人筑波大学,34.0,34.0,取得済み,34.0,78.6,https://www.pref.saitama.lg.jp/documents/270983/r703_kousotsu_toukei6-10.xlsx,埼玉県公式統計,2025-03
808f8ded8b,7cf7935a3234,東京家政大学附属女子,,普通科,全日制,女子校,56.0,https://www.eimeigakuin.jp/%E6%9C%80%E6%96%B0%E7%89%882024%E5%B9%B4%E5%BA%A6%E5%8F%97%E9%A8%93%E7%94%A8%E5%85%AC%E7%AB%8B%E7%A7%81%E7%AB%8B%E9%AB%98%E6%A0%A1%E5%90%88%E6%A0%BC%E5%9F%BA%E6%BA%96%E4%B8%80%E8%A6%A7%E8%A1%A8/,34.0,https://www.eimeigakuin.jp/%E6%9C%80%E6%96%B0%E7%89%882024%E5%B9%B4%E5%BA%A6%E5%8F%97%E9%A8%93%E7%94%A8%E5%85%AC%E7%AB%8B%E7%A7%81%E7%AB%8B%E9%AB%98%E6%A0%A1%E5%90%88%E6%A0%BC%E5%9F%BA%E6%BA%96%E4%B8%80%E8%A6%A7%E8%A1%A8/,173-8602,東京都板橋区加賀1-18-1,板橋区,東京都,板橋区,35.756275,139.719482,東京都板橋区加賀一丁目１８番１号,GSI Address Search,https://www.tokyo-kasei.ed.jp/,,私立,学校法人渡辺学園,34.0,34.0,取得済み,34.0,,,,2025-03
9069a28654,71bf1ffd8628,東京成徳大学,,普通科,全日制,共学,55.0,https://www.eimeigakuin.jp/%E6%9C%80%E6%96%B0%E7%89%882024%E5%B9%B4%E5%BA%A6%E5%8F%97%E9%A8%93%E7%94%A8%E5%85%AC%E7%AB%8B%E7%A7%81%E7%AB%8B%E9%AB%98%E6%A0%A1%E5%90%88%E6%A0%BC%E5%9F%BA%E6%BA%96%E4%B8%80%E8%A6%A7%E8%A1%A8/,18-23,https://www.studyh.jp/kanto/special/naisin/index.html,114-0002,東京都北区王子6丁目7-14,北区,東京都,東京都北区,35.763836,139.740799,東京都北区王子六丁目７番１４号,GSI Address Search,https://www.tokyoseitoku.jp/,,私立,学校法人東京成徳学園,18.0,23.0,取得済み,18-23,,,,2025-03
b478eb6b3c,222088155336,文京学院大学女子,,普通科,全日制,女子校,55.0,https://www.eimeigakuin.jp/%E6%9C%80%E6%96%B0%E7%89%882024%E5%B9%B4%E5%BA%A6%E5%8F%97%E9%A8%93%E7%94%A8%E5%85%AC%E7%AB%8B%E7%A7%81%E7%AB%8B%E9%AB%98%E6%A0%A1%E5%90%88%E6%A0%BC%E5%9F%BA%E6%BA%96%E4%B8%80%E8%A6%A7%E8%A1%A8/,20-22,https://www.studyh.jp/kanto/special/naisin/index.html,113-0021,東京都文京区本駒込6丁目18-3,文京区,東京都,東京都文京区,35.733318,139.743576,東京都文京区本駒込六丁目１８番３号,GSI Address Search,https://www.hs.bgu.ac.jp/,,私立,学校法人文京学院,20.0,22.0,取得済み,20-22,,,,2025-03
23837a19ea,164b23f0e2d8,大東文化大学第一,,普通科（進学）,全日制,共学,55.0,https://www.eimeigakuin.jp/%E6%9C%80%E6%96%B0%E7%89%882024%E5%B9%B4%E5%BA%A6%E5%8F%97%E9%A8%93%E7%94%A8%E5%85%AC%E7%AB%8B%E7%A7%81%E7%AB%8B%E9%AB%98%E6%A0%A1%E5%90%88%E6%A0%BC%E5%9F%BA%E6%BA%96%E4%B8%80%E8%A6%A7%E8%A1%A8/,19,https://tokyo-metropolitan-high-school.com/contents/heigan-yuugu-tokyo-5ka/,175-0082,東京都板橋区高島平1丁目9-1,板橋区,東京都,東京都板橋区,35.782089,139.667938,東京都板橋区高島平一丁目９番１号,GSI Address Search,https://www.daito.ac.jp/,,私立,学校法人大東文化学園,19.0,19.0,取得済み,19,94.0,https://school.js88.com/scl_h/22039790?page=8,JS日本の学校,2025-03
85b7a300e8,90e3c38472fc,京華,,普通科,全日制,男子校,55.0,https://www.eimeigakuin.jp/%E6%9C%80%E6%96%B0%E7%89%882024%E5%B9%B4%E5%BA%A6%E5%8F%97%E9%A8%93%E7%94%A8%E5%85%AC%E7%AB%8B%E7%A7%81%E7%AB%8B%E9%AB%98%E6%A0%A1%E5%90%88%E6%A0%BC%E5%9F%BA%E6%BA%96%E4%B8%80%E8%A6%A7%E8%A1%A8/,18-24,https://tokyo-metropolitan-high-school.com/contents/heigan-yuugu-tokyo-5ka/,113-0001,東京都文京区白山5丁目6-6,文京区,東京都,東京都文京区,35.721886,139.748993,東京都文京区白山五丁目６番６号,GSI Address Search,https://www.keika.ed.jp/,,私立,学校法人京華学園,18.0,24.0,取得済み,18-24,,,,2025-03
80db3f1586,40480e7b99ae,目白研心,,普通科,全日制,共学,55.0,https://www.eimeigakuin.jp/%E6%9C%80%E6%96%B0%E7%89%882024%E5%B9%B4%E5%BA%A6%E5%8F%97%E9%A8%93%E7%94%A8%E5%85%AC%E7%AB%8B%E7%A7%81%E7%AB%8B%E9%AB%98%E6%A0%A1%E5%90%88%E6%A0%BC%E5%9F%BA%E6%BA%96%E4%B8%80%E8%A6%A7%E8%A1%A8/,18-20,https://www.studyh.jp/kanto/special/naisin/index.html,161-8522,東京都新宿区中落合4丁目31-1,新宿区,東京都,東京都新宿区,35.716835,139.681244,東京都新宿区中落合四丁目３１番１号,GSI Address Search,https://mk.mejiro.ac.jp/,,私立,学校法人目白学園,18.0,20.0,取得済み,18-20,,,,2025-03
1426acb504,144ec68bd835,浦和実業学園,,普通科（選抜α）,全日制,共学,55.0,https://www.eimeigakuin.jp/%E6%9C%80%E6%96%B0%E7%89%882024%E5%B9%B4%E5%BA%A6%E5%8F%97%E9%A8%93%E7%94%A8%E5%85%AC%E7%AB%8B%E7%A7%81%E7%AB%8B%E9%AB%98%E6%A0%A1%E5%90%88%E6%A0%BC%E5%9F%BA%E6%BA%96%E4%B8%80%E8%A6%A7%E8%A1%A8/,,,336-0025,埼玉県さいたま市南区文蔵３－９－１,さいたま市,埼玉県,埼玉県,35.83989,139.676956,埼玉県さいたま市南区文蔵三丁目９番１号,GSI Address Search,https://www.urajitsu.ed.jp/,1963.0,私立,学校法人,,,埼玉私立・コース別個別相談型,個別相談基準未確認,82.5,https://www.pref.saitama.lg.jp/documents/270983/r703_kousotsu_toukei6-10.xlsx,埼玉県公式統計,2025-03
9c3aa77b0c,f01702a4a36f,大妻嵐山,,普通科（グローバル）,全日制,共学,55.0,https://www.eimeigakuin.jp/%E6%9C%80%E6%96%B0%E7%89%882024%E5%B9%B4%E5%BA%A6%E5%8F%97%E9%A8%93%E7%94%A8%E5%85%AC%E7%AB%8B%E7%A7%81%E7%AB%8B%E9%AB%98%E6%A0%A1%E5%90%88%E6%A0%BC%E5%9F%BA%E6%BA%96%E4%B8%80%E8%A6%A7%E8%A1%A8/,,,355-0221,埼玉県嵐山町菅谷５５８,嵐山町,埼玉県,埼玉県,36.037994,139.31958,埼玉県嵐山町菅谷５５８番地,GSI Address Search,https://www.otsuma-ranzan.ed.jp/,1967.0,私立,学校法人,,,埼玉私立・コース別個別相談型,個別相談基準未確認,94.4,https://www.pref.saitama.lg.jp/documents/270983/r703_kousotsu_toukei6-10.xlsx,埼玉県公式統計,2025-03
ef144580dc,bda0934f2701,成立学園,,普通科,全日制,共学,55.0,https://www.eimeigakuin.jp/%E6%9C%80%E6%96%B0%E7%89%882024%E5%B9%B4%E5%BA%A6%E5%8F%97%E9%A8%93%E7%94%A8%E5%85%AC%E7%AB%8B%E7%A7%81%E7%AB%8B%E9%AB%98%E6%A0%A1%E5%90%88%E6%A0%BC%E5%9F%BA%E6%BA%96%E4%B8%80%E8%A6%A7%E8%A1%A8/,,,114-0001,東京都北区東十条6丁目9-13,北区,東京都,東京都北区,35.771679,139.725204,東京都北区東十条六丁目９番１３号,GSI Address Search,https://www.seiritsu.ac.jp/,,私立,学校法人成立学園,,,東京都私立・併願優遇公開リスト未確認,公開基準未確認,,,,2025-03
54fdea4eee,7d6bcd4adcbc,西武台,,普通科（選抜Ⅱ）,全日制,共学,54.0,https://www.eimeigakuin.jp/%E6%9C%80%E6%96%B0%E7%89%882024%E5%B9%B4%E5%BA%A6%E5%8F%97%E9%A8%93%E7%94%A8%E5%85%AC%E7%AB%8B%E7%A7%81%E7%AB%8B%E9%AB%98%E6%A0%A1%E5%90%88%E6%A0%BC%E5%9F%BA%E6%BA%96%E4%B8%80%E8%A6%A7%E8%A1%A8/,32.0,https://www.eimeigakuin.jp/%E6%9C%80%E6%96%B0%E7%89%882024%E5%B9%B4%E5%BA%A6%E5%8F%97%E9%A8%93%E7%94%A8%E5%85%AC%E7%AB%8B%E7%A7%81%E7%AB%8B%E9%AB%98%E6%A0%A1%E5%90%88%E6%A0%BC%E5%9F%BA%E6%BA%96%E4%B8%80%E8%A6%A7%E8%A1%A8/,352-8508,埼玉県新座市中野２－９－１,新座市,埼玉県,埼玉県,35.819359,139.548782,埼玉県新座市中野二丁目９番１号,GSI Address Search,https://www.seibudai.ed.jp/,1981.0,私立,学校法人,32.0,32.0,取得済み,32.0,72.2,https://www.pref.saitama.lg.jp/documents/270983/r703_kousotsu_toukei6-10.xlsx,埼玉県公式統計,2025-03
61ea0ae53a,29cd4724d7fd,埼玉栄,,普通科（特進）,全日制,共学,54.0,https://www.eimeigakuin.jp/%E6%9C%80%E6%96%B0%E7%89%882024%E5%B9%B4%E5%BA%A6%E5%8F%97%E9%A8%93%E7%94%A8%E5%85%AC%E7%AB%8B%E7%A7%81%E7%AB%8B%E9%AB%98%E6%A0%A1%E5%90%88%E6%A0%BC%E5%9F%BA%E6%BA%96%E4%B8%80%E8%A6%A7%E8%A1%A8/,32.0,https://www.eimeigakuin.jp/%E6%9C%80%E6%96%B0%E7%89%882024%E5%B9%B4%E5%BA%A6%E5%8F%97%E9%A8%93%E7%94%A8%E5%85%AC%E7%AB%8B%E7%A7%81%E7%AB%8B%E9%AB%98%E6%A0%A1%E5%90%88%E6%A0%BC%E5%9F%BA%E6%BA%96%E4%B8%80%E8%A6%A7%E8%A1%A8/,331-0078,埼玉県さいたま市西区西大宮３－１１－１,さいたま市,埼玉県,埼玉県,35.926434,139.579208,埼玉県さいたま市西区西大宮三丁目１１番地,GSI Address Search,https://www.saitamasakae-h.ed.jp/,1972.0,私立,学校法人,32.0,32.0,取得済み,32.0,80.6,https://www.pref.saitama.lg.jp/documents/270983/r703_kousotsu_toukei6-10.xlsx,埼玉県公式統計,2025-03
49e719e0fb,f138ff8afbde,埼玉平成,,普通科（特進）,全日制,共学,54.0,https://www.eimeigakuin.jp/%E6%9C%80%E6%96%B0%E7%89%882024%E5%B9%B4%E5%BA%A6%E5%8F%97%E9%A8%93%E7%94%A8%E5%85%AC%E7%AB%8B%E7%A7%81%E7%AB%8B%E9%AB%98%E6%A0%A1%E5%90%88%E6%A0%BC%E5%9F%BA%E6%BA%96%E4%B8%80%E8%A6%A7%E8%A1%A8/,32.0,https://www.eimeigakuin.jp/%E6%9C%80%E6%96%B0%E7%89%882024%E5%B9%B4%E5%BA%A6%E5%8F%97%E9%A8%93%E7%94%A8%E5%85%AC%E7%AB%8B%E7%A7%81%E7%AB%8B%E9%AB%98%E6%A0%A1%E5%90%88%E6%A0%BC%E5%9F%BA%E6%BA%96%E4%B8%80%E8%A6%A7%E8%A1%A8/,350-0434,埼玉県毛呂山町市場３３３－１,毛呂山町,埼玉県,埼玉県,35.939026,139.342514,埼玉県毛呂山町市場３３３番地,GSI Address Search,https://www.saitamaheisei.ed.jp/,1984.0,私立,学校法人,32.0,32.0,取得済み,32.0,63.7,https://www.pref.saitama.lg.jp/documents/270983/r703_kousotsu_toukei6-10.xlsx,埼玉県公式統計,2025-03
ba0e454aaa,9cdb8c925174,豊島学院,,普通科,全日制,共学,54.0,https://www.eimeigakuin.jp/%E6%9C%80%E6%96%B0%E7%89%882024%E5%B9%B4%E5%BA%A6%E5%8F%97%E9%A8%93%E7%94%A8%E5%85%AC%E7%AB%8B%E7%A7%81%E7%AB%8B%E9%AB%98%E6%A0%A1%E5%90%88%E6%A0%BC%E5%9F%BA%E6%BA%96%E4%B8%80%E8%A6%A7%E8%A1%A8/,32.0,https://www.eimeigakuin.jp/%E6%9C%80%E6%96%B0%E7%89%882024%E5%B9%B4%E5%BA%A6%E5%8F%97%E9%A8%93%E7%94%A8%E5%85%AC%E7%AB%8B%E7%A7%81%E7%AB%8B%E9%AB%98%E6%A0%A1%E5%90%88%E6%A0%BC%E5%9F%BA%E6%BA%96%E4%B8%80%E8%A6%A7%E8%A1%A8/,170-0011,東京都豊島区池袋本町2丁目10-1,豊島区,東京都,東京都豊島区,35.740459,139.710449,東京都豊島区池袋本町二丁目１０番１号,GSI Address Search,https://www.hosho.ac.jp/,,私立,学校法人豊昭学園,32.0,32.0,取得済み,32.0,,,,2025-03
41106e6f9e,6608c27e4785,山村学園,,普通科（進学）,全日制,共学,54.0,https://www.eimeigakuin.jp/%E6%9C%80%E6%96%B0%E7%89%882024%E5%B9%B4%E5%BA%A6%E5%8F%97%E9%A8%93%E7%94%A8%E5%85%AC%E7%AB%8B%E7%A7%81%E7%AB%8B%E9%AB%98%E6%A0%A1%E5%90%88%E6%A0%BC%E5%9F%BA%E6%BA%96%E4%B8%80%E8%A6%A7%E8%A1%A8/,32.0,https://www.eimeigakuin.jp/%E6%9C%80%E6%96%B0%E7%89%882024%E5%B9%B4%E5%BA%A6%E5%8F%97%E9%A8%93%E7%94%A8%E5%85%AC%E7%AB%8B%E7%A7%81%E7%AB%8B%E9%AB%98%E6%A0%A1%E5%90%88%E6%A0%BC%E5%9F%BA%E6%BA%96%E4%B8%80%E8%A6%A7%E8%A1%A8/,350-1113,埼玉県川越市田町１６－２,川越市,埼玉県,埼玉県,35.916656,139.475021,埼玉県川越市田町１６番,GSI Address Search,https://www.yamamuragakuen.ed.jp/,1959.0,私立,学校法人,32.0,32.0,取得済み,32.0,84.7,https://www.pref.saitama.lg.jp/documents/270983/r703_kousotsu_toukei6-10.xlsx,埼玉県公式統計,2025-03
14727e303b,b525dbbf4d78,浦和麗明,,普通科（特進Ⅰ）,全日制,共学,54.0,https://www.eimeigakuin.jp/%E6%9C%80%E6%96%B0%E7%89%882024%E5%B9%B4%E5%BA%A6%E5%8F%97%E9%A8%93%E7%94%A8%E5%85%AC%E7%AB%8B%E7%A7%81%E7%AB%8B%E9%AB%98%E6%A0%A1%E5%90%88%E6%A0%BC%E5%9F%BA%E6%BA%96%E4%B8%80%E8%A6%A7%E8%A1%A8/,32.0,https://www.eimeigakuin.jp/%E6%9C%80%E6%96%B0%E7%89%882024%E5%B9%B4%E5%BA%A6%E5%8F%97%E9%A8%93%E7%94%A8%E5%85%AC%E7%AB%8B%E7%A7%81%E7%AB%8B%E9%AB%98%E6%A0%A1%E5%90%88%E6%A0%BC%E5%9F%BA%E6%BA%96%E4%B8%80%E8%A6%A7%E8%A1%A8/,330-0054,埼玉県さいたま市浦和区東岸町１０－３６,さいたま市,埼玉県,埼玉県,35.854122,139.663086,埼玉県さいたま市浦和区東岸町１０番３６号,GSI Address Search,https://www.eimei-urawareimei.ac.jp/urawareimei/,1948.0,私立,学校法人,32.0,32.0,取得済み,32.0,89.5,https://www.pref.saitama.lg.jp/documents/270983/r703_kousotsu_toukei6-10.xlsx,埼玉県公式統計,2025-03
98beba8134,733bd4de825f,細田学園,,普通科（進学α）,全日制,共学,53.0,https://www.eimeigakuin.jp/%E6%9C%80%E6%96%B0%E7%89%882024%E5%B9%B4%E5%BA%A6%E5%8F%97%E9%A8%93%E7%94%A8%E5%85%AC%E7%AB%8B%E7%A7%81%E7%AB%8B%E9%AB%98%E6%A0%A1%E5%90%88%E6%A0%BC%E5%9F%BA%E6%BA%96%E4%B8%80%E8%A6%A7%E8%A1%A8/,,,353-0004,埼玉県志木市本町２－７－１,志木市,埼玉県,埼玉県,35.832279,139.581818,埼玉県志木市本町二丁目７番,GSI Address Search,https://www.hosodagakuen.jp/,1948.0,私立,学校法人,,,埼玉私立・コース別個別相談型,個別相談基準未確認,84.7,https://www.pref.saitama.lg.jp/documents/270983/r703_kousotsu_toukei6-10.xlsx,埼玉県公式統計,2025-03
a6949ccb81,4a826a01b46e,サレジオ工業高専,,高等専門学校,全日制,共学,52.0,https://www.eimeigakuin.jp/%E6%9C%80%E6%96%B0%E7%89%882024%E5%B9%B4%E5%BA%A6%E5%8F%97%E9%A8%93%E7%94%A8%E5%85%AC%E7%AB%8B%E7%A7%81%E7%AB%8B%E9%AB%98%E6%A0%A1%E5%90%88%E6%A0%BC%E5%9F%BA%E6%BA%96%E4%B8%80%E8%A6%A7%E8%A1%A8/,31.0,https://www.eimeigakuin.jp/%E6%9C%80%E6%96%B0%E7%89%882024%E5%B9%B4%E5%BA%A6%E5%8F%97%E9%A8%93%E7%94%A8%E5%85%AC%E7%AB%8B%E7%A7%81%E7%AB%8B%E9%AB%98%E6%A0%A1%E5%90%88%E6%A0%BC%E5%9F%BA%E6%BA%96%E4%B8%80%E8%A6%A7%E8%A1%A8/,194-0215,東京都町田市小山ヶ丘4丁目6-8,町田市,東京都,東京都町田市,35.605682,139.358353,東京都町田市小山ヶ丘四丁目６番,GSI Address Search,https://www.salesio-sp.ac.jp/,,私立,学校法人育英学院,31.0,31.0,取得済み,31.0,,,,2025-03
14727e303b,9b6766d47bdf,浦和麗明,,普通科（特進Ⅱ）,全日制,共学,51.0,https://www.eimeigakuin.jp/%E6%9C%80%E6%96%B0%E7%89%882024%E5%B9%B4%E5%BA%A6%E5%8F%97%E9%A8%93%E7%94%A8%E5%85%AC%E7%AB%8B%E7%A7%81%E7%AB%8B%E9%AB%98%E6%A0%A1%E5%90%88%E6%A0%BC%E5%9F%BA%E6%BA%96%E4%B8%80%E8%A6%A7%E8%A1%A8/,,,330-0054,埼玉県さいたま市浦和区東岸町１０－３６,さいたま市,埼玉県,埼玉県,35.854122,139.663086,埼玉県さいたま市浦和区東岸町１０番３６号,GSI Address Search,https://www.eimei-urawareimei.ac.jp/urawareimei/,1948.0,私立,学校法人,,,埼玉私立・コース別個別相談型,個別相談基準未確認,89.5,https://www.pref.saitama.lg.jp/documents/270983/r703_kousotsu_toukei6-10.xlsx,埼玉県公式統計,2025-03
2c1978e9dd,9ced7c076fb7,東京女子学院,,普通科,全日制,女子校,51.0,https://www.eimeigakuin.jp/%E6%9C%80%E6%96%B0%E7%89%882024%E5%B9%B4%E5%BA%A6%E5%8F%97%E9%A8%93%E7%94%A8%E5%85%AC%E7%AB%8B%E7%A7%81%E7%AB%8B%E9%AB%98%E6%A0%A1%E5%90%88%E6%A0%BC%E5%9F%BA%E6%BA%96%E4%B8%80%E8%A6%A7%E8%A1%A8/,17-21,https://tokyo-metropolitan-high-school.com/contents/heigan-yuugu-tokyo-5ka/,177-0051,東京都練馬区関町北4丁目16-11,練馬区,東京都,東京都練馬区,35.728046,139.5737,東京都練馬区関町北四丁目１６番１１号,GSI Address Search,https://eimei-frontier.ed.jp/,,私立,学校法人タイケン学園,17.0,21.0,取得済み,17-21,,,,2025-03
e47f8200ed,114253963fa0,浦和学院,,普通科（文理進学）,全日制,共学,51.0,https://www.eimeigakuin.jp/%E6%9C%80%E6%96%B0%E7%89%882024%E5%B9%B4%E5%BA%A6%E5%8F%97%E9%A8%93%E7%94%A8%E5%85%AC%E7%AB%8B%E7%A7%81%E7%AB%8B%E9%AB%98%E6%A0%A1%E5%90%88%E6%A0%BC%E5%9F%BA%E6%BA%96%E4%B8%80%E8%A6%A7%E8%A1%A8/,,,336-0975,埼玉県さいたま市緑区代山１７２,さいたま市,埼玉県,埼玉県,35.90176,139.706039,埼玉県さいたま市緑区代山１７２番地,GSI Address Search,https://uragaku.ac.jp/,1978.0,私立,学校法人,,,埼玉私立・コース別個別相談型,個別相談基準未確認,84.4,https://www.pref.saitama.lg.jp/documents/270983/r703_kousotsu_toukei6-10.xlsx,埼玉県公式統計,2025-03
137b134dff,596035f811e4,山村国際,,普通科（進学）,全日制,共学,50.0,https://www.eimeigakuin.jp/%E6%9C%80%E6%96%B0%E7%89%882024%E5%B9%B4%E5%BA%A6%E5%8F%97%E9%A8%93%E7%94%A8%E5%85%AC%E7%AB%8B%E7%A7%81%E7%AB%8B%E9%AB%98%E6%A0%A1%E5%90%88%E6%A0%BC%E5%9F%BA%E6%BA%96%E4%B8%80%E8%A6%A7%E8%A1%A8/,29.0,https://www.eimeigakuin.jp/%E6%9C%80%E6%96%B0%E7%89%882024%E5%B9%B4%E5%BA%A6%E5%8F%97%E9%A8%93%E7%94%A8%E5%85%AC%E7%AB%8B%E7%A7%81%E7%AB%8B%E9%AB%98%E6%A0%A1%E5%90%88%E6%A0%BC%E5%9F%BA%E6%BA%96%E4%B8%80%E8%A6%A7%E8%A1%A8/,350-0214,埼玉県坂戸市千代田１－２－２３,坂戸市,埼玉県,埼玉県,35.955723,139.400848,埼玉県坂戸市千代田一丁目２番２３号,GSI Address Search,https://www.yamamurakokusai.ed.jp/,1950.0,私立,学校法人,29.0,29.0,取得済み,29.0,69.6,https://www.pref.saitama.lg.jp/documents/270983/r703_kousotsu_toukei6-10.xlsx,埼玉県公式統計,2025-03
94cee64504,c058ac4593b0,叡明,,普通科（進学Ⅱ）,全日制,共学,50.0,https://www.eimeigakuin.jp/%E6%9C%80%E6%96%B0%E7%89%882024%E5%B9%B4%E5%BA%A6%E5%8F%97%E9%A8%93%E7%94%A8%E5%85%AC%E7%AB%8B%E7%A7%81%E7%AB%8B%E9%AB%98%E6%A0%A1%E5%90%88%E6%A0%BC%E5%9F%BA%E6%BA%96%E4%B8%80%E8%A6%A7%E8%A1%A8/,29.0,https://www.eimeigakuin.jp/%E6%9C%80%E6%96%B0%E7%89%882024%E5%B9%B4%E5%BA%A6%E5%8F%97%E9%A8%93%E7%94%A8%E5%85%AC%E7%AB%8B%E7%A7%81%E7%AB%8B%E9%AB%98%E6%A0%A1%E5%90%88%E6%A0%BC%E5%9F%BA%E6%BA%96%E4%B8%80%E8%A6%A7%E8%A1%A8/,343-0828,埼玉県越谷市レイクタウン７－２－１,越谷市,埼玉県,埼玉県,35.874363,139.816956,埼玉県越谷市レイクタウン七丁目２番,GSI Address Search,https://www.eimei-urawareimei.ac.jp/eimei/,1959.0,私立,学校法人,29.0,29.0,取得済み,29.0,86.5,https://www.pref.saitama.lg.jp/documents/270983/r703_kousotsu_toukei6-10.xlsx,埼玉県公式統計,2025-03
1426acb504,6b5d6a396abd,浦和実業学園,,普通科（進学）,全日制,共学,50.0,https://www.eimeigakuin.jp/%E6%9C%80%E6%96%B0%E7%89%882024%E5%B9%B4%E5%BA%A6%E5%8F%97%E9%A8%93%E7%94%A8%E5%85%AC%E7%AB%8B%E7%A7%81%E7%AB%8B%E9%AB%98%E6%A0%A1%E5%90%88%E6%A0%BC%E5%9F%BA%E6%BA%96%E4%B8%80%E8%A6%A7%E8%A1%A8/,29.0,https://www.eimeigakuin.jp/%E6%9C%80%E6%96%B0%E7%89%882024%E5%B9%B4%E5%BA%A6%E5%8F%97%E9%A8%93%E7%94%A8%E5%85%AC%E7%AB%8B%E7%A7%81%E7%AB%8B%E9%AB%98%E6%A0%A1%E5%90%88%E6%A0%BC%E5%9F%BA%E6%BA%96%E4%B8%80%E8%A6%A7%E8%A1%A8/,336-0025,埼玉県さいたま市南区文蔵３－９－１,さいたま市,埼玉県,埼玉県,35.83989,139.676956,埼玉県さいたま市南区文蔵三丁目９番１号,GSI Address Search,https://www.urajitsu.ed.jp/,1963.0,私立,学校法人,29.0,29.0,取得済み,29.0,82.5,https://www.pref.saitama.lg.jp/documents/270983/r703_kousotsu_toukei6-10.xlsx,埼玉県公式統計,2025-03
c188d39621,b4d88c6231cb,豊南,,普通科,全日制,共学,49.0,https://www.eimeigakuin.jp/%E6%9C%80%E6%96%B0%E7%89%882024%E5%B9%B4%E5%BA%A6%E5%8F%97%E9%A8%93%E7%94%A8%E5%85%AC%E7%AB%8B%E7%A7%81%E7%AB%8B%E9%AB%98%E6%A0%A1%E5%90%88%E6%A0%BC%E5%9F%BA%E6%BA%96%E4%B8%80%E8%A6%A7%E8%A1%A8/,,,171-0042,東京都豊島区高松3丁目6-7,豊島区,東京都,東京都豊島区,35.740582,139.696823,東京都豊島区高松三丁目６番７号,GSI Address Search,https://www.hs.honan.ac.jp/,,私立,学校法人豊南学園,,,東京都私立・併願優遇公開リスト未確認,公開基準未確認,80.0,https://school.js88.com/scl_h/22039740?page=8,JS日本の学校,2025-03
49e719e0fb,7595e27f5c9a,埼玉平成,,普通科（進学）,全日制,共学,49.0,https://www.eimeigakuin.jp/%E6%9C%80%E6%96%B0%E7%89%882024%E5%B9%B4%E5%BA%A6%E5%8F%97%E9%A8%93%E7%94%A8%E5%85%AC%E7%AB%8B%E7%A7%81%E7%AB%8B%E9%AB%98%E6%A0%A1%E5%90%88%E6%A0%BC%E5%9F%BA%E6%BA%96%E4%B8%80%E8%A6%A7%E8%A1%A8/,26-28,https://www.saitamaheisei.ed.jp/wp-content/uploads/2025/07/250717_01.pdf,350-0434,埼玉県毛呂山町市場３３３－１,毛呂山町,埼玉県,埼玉県,35.939026,139.342514,埼玉県毛呂山町市場３３３番地,GSI Address Search,https://www.saitamaheisei.ed.jp/,1984.0,私立,学校法人,26.0,28.0,取得済み,26-28,63.7,https://www.pref.saitama.lg.jp/documents/270983/r703_kousotsu_toukei6-10.xlsx,埼玉県公式統計,2025-03
b7462ac5a6,0f71b0650e09,武蔵越生,,普通科（選抜Ⅱ）,全日制,共学,48.0,https://www.eimeigakuin.jp/%E6%9C%80%E6%96%B0%E7%89%882024%E5%B9%B4%E5%BA%A6%E5%8F%97%E9%A8%93%E7%94%A8%E5%85%AC%E7%AB%8B%E7%A7%81%E7%AB%8B%E9%AB%98%E6%A0%A1%E5%90%88%E6%A0%BC%E5%9F%BA%E6%BA%96%E4%B8%80%E8%A6%A7%E8%A1%A8/,,,350-0417,埼玉県越生町上野東１－３－１０,越生町,埼玉県,埼玉県,35.953217,139.310806,埼玉県越生町上野東一丁目３番,GSI Address Search,https://www.musashiogose-h.ed.jp/,1960.0,私立,学校法人,,,埼玉私立・コース別個別相談型,個別相談基準未確認,80.8,https://www.pref.saitama.lg.jp/documents/270983/r703_kousotsu_toukei6-10.xlsx,埼玉県公式統計,2025-03
0c7eeaec2d,17256b779b96,秋草学園,,普通科（AG）,全日制,女子校,47.0,https://www.eimeigakuin.jp/%E6%9C%80%E6%96%B0%E7%89%882024%E5%B9%B4%E5%BA%A6%E5%8F%97%E9%A8%93%E7%94%A8%E5%85%AC%E7%AB%8B%E7%A7%81%E7%AB%8B%E9%AB%98%E6%A0%A1%E5%90%88%E6%A0%BC%E5%9F%BA%E6%BA%96%E4%B8%80%E8%A6%A7%E8%A1%A8/,27.0,https://www.eimeigakuin.jp/%E6%9C%80%E6%96%B0%E7%89%882024%E5%B9%B4%E5%BA%A6%E5%8F%97%E9%A8%93%E7%94%A8%E5%85%AC%E7%AB%8B%E7%A7%81%E7%AB%8B%E9%AB%98%E6%A0%A1%E5%90%88%E6%A0%BC%E5%9F%BA%E6%BA%96%E4%B8%80%E8%A6%A7%E8%A1%A8/,350-1312,埼玉県狭山市掘兼２４０４,狭山市,埼玉県,埼玉県,35.853054,139.412231,埼玉県狭山市,GSI Address Search,https://www.akikusa.ac.jp/hs/,1982.0,私立,学校法人,27.0,27.0,取得済み,27.0,62.9,https://www.pref.saitama.lg.jp/documents/270983/r703_kousotsu_toukei6-10.xlsx,埼玉県公式統計,2025-03
9f820f06a9,ee7cafe60c9d,東野,,普通科（I&S）,全日制,共学,47.0,https://www.eimeigakuin.jp/%E6%9C%80%E6%96%B0%E7%89%882024%E5%B9%B4%E5%BA%A6%E5%8F%97%E9%A8%93%E7%94%A8%E5%85%AC%E7%AB%8B%E7%A7%81%E7%AB%8B%E9%AB%98%E6%A0%A1%E5%90%88%E6%A0%BC%E5%9F%BA%E6%BA%96%E4%B8%80%E8%A6%A7%E8%A1%A8/,27.0,https://www.eimeigakuin.jp/%E6%9C%80%E6%96%B0%E7%89%882024%E5%B9%B4%E5%BA%A6%E5%8F%97%E9%A8%93%E7%94%A8%E5%85%AC%E7%AB%8B%E7%A7%81%E7%AB%8B%E9%AB%98%E6%A0%A1%E5%90%88%E6%A0%BC%E5%9F%BA%E6%BA%96%E4%B8%80%E8%A6%A7%E8%A1%A8/,358-0015,埼玉県入間市二本木１１２－１,入間市,埼玉県,埼玉県,35.800995,139.363953,埼玉県入間市二本木１１２番地,GSI Address Search,https://eishin.ac/,1985.0,私立,学校法人,27.0,27.0,取得済み,27.0,78.0,https://www.pref.saitama.lg.jp/documents/270983/r703_kousotsu_toukei6-10.xlsx,埼玉県公式統計,2025-03
0ff5c2043e,7db168a40f28,自由の森学園,,普通科,全日制,共学,44.0,https://www.eimeigakuin.jp/%E6%9C%80%E6%96%B0%E7%89%882024%E5%B9%B4%E5%BA%A6%E5%8F%97%E9%A8%93%E7%94%A8%E5%85%AC%E7%AB%8B%E7%A7%81%E7%AB%8B%E9%AB%98%E6%A0%A1%E5%90%88%E6%A0%BC%E5%9F%BA%E6%BA%96%E4%B8%80%E8%A6%A7%E8%A1%A8/,27,https://www.jiyunomori.ac.jp/nyugaku/shiken_koukou.php,357-8550,埼玉県飯能市小岩井６１３,飯能市,埼玉県,埼玉県,35.860741,139.268799,埼玉県飯能市小岩井６１３番地,GSI Address Search,https://www.jiyunomori.ac.jp/,1985.0,私立,学校法人,27.0,27.0,取得済み,27,40.5,https://www.pref.saitama.lg.jp/documents/270983/r703_kousotsu_toukei6-10.xlsx,埼玉県公式統計,2025-03
9f820f06a9,bba9a2ea66df,東野,,普通科（A）,全日制,共学,43.0,https://www.eimeigakuin.jp/%E6%9C%80%E6%96%B0%E7%89%882024%E5%B9%B4%E5%BA%A6%E5%8F%97%E9%A8%93%E7%94%A8%E5%85%AC%E7%AB%8B%E7%A7%81%E7%AB%8B%E9%AB%98%E6%A0%A1%E5%90%88%E6%A0%BC%E5%9F%BA%E6%BA%96%E4%B8%80%E8%A6%A7%E8%A1%A8/,25.0,https://www.eimeigakuin.jp/%E6%9C%80%E6%96%B0%E7%89%882024%E5%B9%B4%E5%BA%A6%E5%8F%97%E9%A8%93%E7%94%A8%E5%85%AC%E7%AB%8B%E7%A7%81%E7%AB%8B%E9%AB%98%E6%A0%A1%E5%90%88%E6%A0%BC%E5%9F%BA%E6%BA%96%E4%B8%80%E8%A6%A7%E8%A1%A8/,358-0015,埼玉県入間市二本木１１２－１,入間市,埼玉県,埼玉県,35.800995,139.363953,埼玉県入間市二本木１１２番地,GSI Address Search,https://eishin.ac/,1985.0,私立,学校法人,25.0,25.0,取得済み,25.0,78.0,https://www.pref.saitama.lg.jp/documents/270983/r703_kousotsu_toukei6-10.xlsx,埼玉県公式統計,2025-03
a20c44e969,16158dac430c,秀明英光,,普通科（総進）,全日制,共学,43.0,https://www.eimeigakuin.jp/%E6%9C%80%E6%96%B0%E7%89%882024%E5%B9%B4%E5%BA%A6%E5%8F%97%E9%A8%93%E7%94%A8%E5%85%AC%E7%AB%8B%E7%A7%81%E7%AB%8B%E9%AB%98%E6%A0%A1%E5%90%88%E6%A0%BC%E5%9F%BA%E6%BA%96%E4%B8%80%E8%A6%A7%E8%A1%A8/,25.0,https://www.eimeigakuin.jp/%E6%9C%80%E6%96%B0%E7%89%882024%E5%B9%B4%E5%BA%A6%E5%8F%97%E9%A8%93%E7%94%A8%E5%85%AC%E7%AB%8B%E7%A7%81%E7%AB%8B%E9%AB%98%E6%A0%A1%E5%90%88%E6%A0%BC%E5%9F%BA%E6%BA%96%E4%B8%80%E8%A6%A7%E8%A1%A8/,362-0058,埼玉県上尾市上野１０１２,上尾市,埼玉県,埼玉県,35.942322,139.556412,埼玉県上尾市上野１０１２番地,GSI Address Search,https://www.shumei-eiko.ac.jp/,1981.0,私立,学校法人,25.0,25.0,取得済み,25.0,56.2,https://www.pref.saitama.lg.jp/documents/270983/r703_kousotsu_toukei6-10.xlsx,埼玉県公式統計,2025-03
530e76d67a,8afb9ca278f9,文京,,普通科,全日制,共学,59.0,https://www.eimeigakuin.jp/%E6%9C%80%E6%96%B0%E7%89%882024%E5%B9%B4%E5%BA%A6%E5%8F%97%E9%A8%93%E7%94%A8%E5%85%AC%E7%AB%8B%E7%A7%81%E7%AB%8B%E9%AB%98%E6%A0%A1%E5%90%88%E6%A0%BC%E5%9F%BA%E6%BA%96%E4%B8%80%E8%A6%A7%E8%A1%A8/,250.0,https://www.eimeigakuin.jp/%E6%9C%80%E6%96%B0%E7%89%882024%E5%B9%B4%E5%BA%A6%E5%8F%97%E9%A8%93%E7%94%A8%E5%85%AC%E7%AB%8B%E7%A7%81%E7%AB%8B%E9%AB%98%E6%A0%A1%E5%90%88%E6%A0%BC%E5%9F%BA%E6%BA%96%E4%B8%80%E8%A6%A7%E8%A1%A8/,170-0001,東京都豊島区西巣鴨1丁目1-5,豊島区,東京都,東京都豊島区,35.735924,139.730026,東京都豊島区西巣鴨一丁目１番５号,GSI Address Search,https://www.metro.ed.jp/bunkyo-h/,,公立,東京都,250.0,250.0,取得済み,250.0,,,,2025-03
ae6d286ab2,b3f25d794234,豊島,,普通科,全日制,共学,57.0,https://www.eimeigakuin.jp/%E6%9C%80%E6%96%B0%E7%89%882024%E5%B9%B4%E5%BA%A6%E5%8F%97%E9%A8%93%E7%94%A8%E5%85%AC%E7%AB%8B%E7%A7%81%E7%AB%8B%E9%AB%98%E6%A0%A1%E5%90%88%E6%A0%BC%E5%9F%BA%E6%BA%96%E4%B8%80%E8%A6%A7%E8%A1%A8/,230.0,https://www.eimeigakuin.jp/%E6%9C%80%E6%96%B0%E7%89%882024%E5%B9%B4%E5%BA%A6%E5%8F%97%E9%A8%93%E7%94%A8%E5%85%AC%E7%AB%8B%E7%A7%81%E7%AB%8B%E9%AB%98%E6%A0%A1%E5%90%88%E6%A0%BC%E5%9F%BA%E6%BA%96%E4%B8%80%E8%A6%A7%E8%A1%A8/,171-0044,東京都豊島区千早4丁目9-21,豊島区,東京都,東京都豊島区,35.738995,139.682526,東京都豊島区千早四丁目９番２１号,GSI Address Search,https://www.metro.ed.jp/toshima-h/,,公立,東京都,230.0,230.0,取得済み,230.0,,,,2025-03
619fd6f09a,5262a5050392,石神井,,普通科,全日制,共学,56.0,https://www.eimeigakuin.jp/%E6%9C%80%E6%96%B0%E7%89%882024%E5%B9%B4%E5%BA%A6%E5%8F%97%E9%A8%93%E7%94%A8%E5%85%AC%E7%AB%8B%E7%A7%81%E7%AB%8B%E9%AB%98%E6%A0%A1%E5%90%88%E6%A0%BC%E5%9F%BA%E6%BA%96%E4%B8%80%E8%A6%A7%E8%A1%A8/,230.0,https://www.eimeigakuin.jp/%E6%9C%80%E6%96%B0%E7%89%882024%E5%B9%B4%E5%BA%A6%E5%8F%97%E9%A8%93%E7%94%A8%E5%85%AC%E7%AB%8B%E7%A7%81%E7%AB%8B%E9%AB%98%E6%A0%A1%E5%90%88%E6%A0%BC%E5%9F%BA%E6%BA%96%E4%B8%80%E8%A6%A7%E8%A1%A8/,177-0051,東京都練馬区関町北4丁目32-48,練馬区,東京都,東京都練馬区,35.730549,139.572098,東京都練馬区関町北四丁目３２番４８号,GSI Address Search,https://www.metro.ed.jp/shakujii-h/,,公立,東京都,230.0,230.0,取得済み,230.0,,,,2025-03
5a07a528b2,f94c0b263471,工芸,,デザイン科,全日制,共学,56.0,https://www.eimeigakuin.jp/%E6%9C%80%E6%96%B0%E7%89%882024%E5%B9%B4%E5%BA%A6%E5%8F%97%E9%A8%93%E7%94%A8%E5%85%AC%E7%AB%8B%E7%A7%81%E7%AB%8B%E9%AB%98%E6%A0%A1%E5%90%88%E6%A0%BC%E5%9F%BA%E6%BA%96%E4%B8%80%E8%A6%A7%E8%A1%A8/,245.0,https://www.eimeigakuin.jp/%E6%9C%80%E6%96%B0%E7%89%882024%E5%B9%B4%E5%BA%A6%E5%8F%97%E9%A8%93%E7%94%A8%E5%85%AC%E7%AB%8B%E7%A7%81%E7%AB%8B%E9%AB%98%E6%A0%A1%E5%90%88%E6%A0%BC%E5%9F%BA%E6%BA%96%E4%B8%80%E8%A6%A7%E8%A1%A8/,113-0033,東京都文京区本郷1丁目3-9,文京区,東京都,東京都文京区,35.702507,139.755676,東京都文京区本郷一丁目３番９号,GSI Address Search,https://www.metro.ed.jp/kogei-h/,1907.0,公立,東京都,245.0,245.0,取得済み,245.0,64.1,https://school.js88.com/scl_h/22036380?page=8,JS日本の学校,2024-03
5a07a528b2,330accffaa45,工芸,,グラフィックアーツ科,全日制,共学,54.0,https://www.eimeigakuin.jp/%E6%9C%80%E6%96%B0%E7%89%882024%E5%B9%B4%E5%BA%A6%E5%8F%97%E9%A8%93%E7%94%A8%E5%85%AC%E7%AB%8B%E7%A7%81%E7%AB%8B%E9%AB%98%E6%A0%A1%E5%90%88%E6%A0%BC%E5%9F%BA%E6%BA%96%E4%B8%80%E8%A6%A7%E8%A1%A8/,225.0,https://www.eimeigakuin.jp/%E6%9C%80%E6%96%B0%E7%89%882024%E5%B9%B4%E5%BA%A6%E5%8F%97%E9%A8%93%E7%94%A8%E5%85%AC%E7%AB%8B%E7%A7%81%E7%AB%8B%E9%AB%98%E6%A0%A1%E5%90%88%E6%A0%BC%E5%9F%BA%E6%BA%96%E4%B8%80%E8%A6%A7%E8%A1%A8/,113-0033,東京都文京区本郷1丁目3-9,文京区,東京都,東京都文京区,35.702507,139.755676,東京都文京区本郷一丁目３番９号,GSI Address Search,https://www.metro.ed.jp/kogei-h/,1907.0,公立,東京都,225.0,225.0,取得済み,225.0,64.1,https://school.js88.com/scl_h/22036380?page=8,JS日本の学校,2024-03
cb37c93cd4,33c31aca060a,上尾,,普通科,全日制,,57.0,https://studychain.jp/koukoudb/ranking/p-saitama/,,,362-0073,埼玉県上尾市浅間台1-6-1,上尾市,埼玉県,埼玉県,35.984634,139.576508,埼玉県上尾市浅間台一丁目６番,GSI Address Search,,,公立,埼玉県,,,,,,,,
cb37c93cd4,60d6b5e0964c,上尾,,商業科,全日制,,55.0,https://studychain.jp/koukoudb/ranking/p-saitama/,,,362-0073,埼玉県上尾市浅間台1-6-1,上尾市,埼玉県,埼玉県,35.984634,139.576508,埼玉県上尾市浅間台一丁目６番,GSI Address Search,,,公立,埼玉県,,,,,,,,
71f919b26d,f0c039704a02,上尾鷹の台,,普通科,全日制,,43.0,https://studychain.jp/koukoudb/ranking/p-saitama/,,,362-0021,埼玉県上尾市原市2800,上尾市,埼玉県,埼玉県,35.971573,139.631851,埼玉県上尾市原市２８００番地,GSI Address Search,,,公立,埼玉県,,,,,,,,
f9424ce13b,b627aa12d043,上尾橘,,普通科,全日制,,40,https://jyuke-labo.com/koukoujyukentaisaku/hensachi/saitama/,,,362-0059,埼玉県上尾市平方2187-1,上尾市,埼玉県,埼玉県,35.947796,139.54863,埼玉県上尾市平方２１８７番地,GSI Address Search,,,公立,埼玉県,,,,,,,,
d046e881ff,f5d9cd2a68b2,上尾南,,普通科,全日制,,44.0,https://studychain.jp/koukoudb/ranking/p-saitama/,,,362-0052,埼玉県上尾市中新井585,上尾市,埼玉県,埼玉県,35.946404,139.585342,埼玉県上尾市中新井５８５番地,GSI Address Search,,,公立,埼玉県,,,,,,,,
8f55aa4110,7bb38783a827,いずみ,,生物生産科,全日制,,43.0,https://studychain.jp/koukoudb/ranking/p-saitama/,,,338-0007,埼玉県さいたま市中央区円阿弥7-4-1,さいたま市,埼玉県,埼玉県,35.894234,139.612717,埼玉県さいたま市中央区円阿弥七丁目４番１号,GSI Address Search,,,公立,埼玉県,,,,,,,,
8f55aa4110,f92488294e40,いずみ,,生物サイエンス科,全日制,,43.0,https://studychain.jp/koukoudb/ranking/p-saitama/,,,338-0007,埼玉県さいたま市中央区円阿弥7-4-1,さいたま市,埼玉県,埼玉県,35.894234,139.612717,埼玉県さいたま市中央区円阿弥七丁目４番１号,GSI Address Search,,,公立,埼玉県,,,,,,,,
8f55aa4110,21da0eb0d94e,いずみ,,生物資源化学科,全日制,,43.0,https://studychain.jp/koukoudb/ranking/p-saitama/,,,338-0007,埼玉県さいたま市中央区円阿弥7-4-1,さいたま市,埼玉県,埼玉県,35.894234,139.612717,埼玉県さいたま市中央区円阿弥七丁目４番１号,GSI Address Search,,,公立,埼玉県,,,,,,,,
8f55aa4110,3865d3f2fc45,いずみ,,環境デザイン科,全日制,,43.0,https://studychain.jp/koukoudb/ranking/p-saitama/,,,338-0007,埼玉県さいたま市中央区円阿弥7-4-1,さいたま市,埼玉県,埼玉県,35.894234,139.612717,埼玉県さいたま市中央区円阿弥七丁目４番１号,GSI Address Search,,,公立,埼玉県,,,,,,,,
8f55aa4110,5fecd68ac0f2,いずみ,,環境サイエンス科,全日制,,43.0,https://studychain.jp/koukoudb/ranking/p-saitama/,,,338-0007,埼玉県さいたま市中央区円阿弥7-4-1,さいたま市,埼玉県,埼玉県,35.894234,139.612717,埼玉県さいたま市中央区円阿弥七丁目４番１号,GSI Address Search,,,公立,埼玉県,,,,,,,,
8f55aa4110,348e95617c20,いずみ,,環境建設科,全日制,,43.0,https://studychain.jp/koukoudb/ranking/p-saitama/,,,338-0007,埼玉県さいたま市中央区円阿弥7-4-1,さいたま市,埼玉県,埼玉県,35.894234,139.612717,埼玉県さいたま市中央区円阿弥七丁目４番１号,GSI Address Search,,,公立,埼玉県,,,,,,,,
544de4b66c,f71408dd5648,入間向陽,,普通科,全日制,,51.0,https://studychain.jp/koukoudb/ranking/p-saitama/,,,358-0001,埼玉県入間市向陽台1-1-1,入間市,埼玉県,埼玉県,35.838535,139.393402,埼玉県入間市向陽台一丁目１番地,GSI Address Search,,,公立,埼玉県,,,,,,,,
c7db255455,57bb0227b47c,岩槻,,普通科,全日制,,,,,,339-0043,埼玉県さいたま市岩槻区城南1-3-38,さいたま市,埼玉県,埼玉県,35.941727,139.704559,埼玉県さいたま市岩槻区城南一丁目３番３８号,GSI Address Search,,,公立,埼玉県,,,,,,,,
c7db255455,d638970c24e4,岩槻,,国際教養科,全日制,,48.0,https://studychain.jp/koukoudb/ranking/p-saitama/,,,339-0043,埼玉県さいたま市岩槻区城南1-3-38,さいたま市,埼玉県,埼玉県,35.941727,139.704559,埼玉県さいたま市岩槻区城南一丁目３番３８号,GSI Address Search,,,公立,埼玉県,,,,,,,,
10cbdb13b7,3a2f3a6f898e,岩槻商業,,商業科,全日制,,41.0,https://studychain.jp/koukoudb/ranking/p-saitama/,,,339-0052,埼玉県さいたま市岩槻区太田1-4-1,さいたま市,埼玉県,埼玉県,35.950489,139.704269,埼玉県さいたま市岩槻区太田一丁目４番１号,GSI Address Search,,,公立,埼玉県,,,,,,,,
10cbdb13b7,dfc091ba3aca,岩槻商業,,情報処理科,全日制,,41.0,https://studychain.jp/koukoudb/ranking/p-saitama/,,,339-0052,埼玉県さいたま市岩槻区太田1-4-1,さいたま市,埼玉県,埼玉県,35.950489,139.704269,埼玉県さいたま市岩槻区太田一丁目４番１号,GSI Address Search,,,公立,埼玉県,,,,,,,,
1392a21049,034583f97223,大宮科学技術,,機械科,全日制,,,,,,,,,埼玉県,埼玉県,,,,,,,公立,埼玉県,,,,,,,,
1392a21049,772e98b08c97,大宮科学技術,,電気科,全日制,,,,,,,,,埼玉県,埼玉県,,,,,,,公立,埼玉県,,,,,,,,
1392a21049,744f50168654,大宮科学技術,,建築デザイン科,全日制,,,,,,,,,埼玉県,埼玉県,,,,,,,公立,埼玉県,,,,,,,,
1392a21049,53c920e94a7f,大宮科学技術,,ロボット科,全日制,,,,,,,,,埼玉県,埼玉県,,,,,,,公立,埼玉県,,,,,,,,
1392a21049,8f79e5bb79bd,大宮科学技術,,情報サイエンス科,全日制,,,,,,,,,埼玉県,埼玉県,,,,,,,公立,埼玉県,,,,,,,,
166c24952f,5459b7e55e83,大宮光陵,オオミヤコウリョウ,美術科,全日制,共学,53.0,https://studychain.jp/koukoudb/ranking/p-saitama/,,,331-0057,埼玉県さいたま市西区中野林145,さいたま市,埼玉県,埼玉県,35.894855,139.589508,埼玉県さいたま市西区中野林１４５番地,GSI Address Search,https://ohmiyakoryo-h.spec.ed.jp/,,公立,埼玉県,,,,,,,,2025-03
166c24952f,7565d5a1f3de,大宮光陵,オオミヤコウリョウ,音楽科,全日制,共学,54,https://jyuke-labo.com/koukoujyukentaisaku/hensachi/saitama/,,,331-0057,埼玉県さいたま市西区中野林145,さいたま市,埼玉県,埼玉県,35.894855,139.589508,埼玉県さいたま市西区中野林１４５番地,GSI Address Search,https://ohmiyakoryo-h.spec.ed.jp/,,公立,埼玉県,,,,,,,,2025-03
166c24952f,0469aa1951dd,大宮光陵,オオミヤコウリョウ,書道科,全日制,共学,52,https://jyuke-labo.com/koukoujyukentaisaku/hensachi/saitama/,,,331-0057,埼玉県さいたま市西区中野林145,さいたま市,埼玉県,埼玉県,35.894855,139.589508,埼玉県さいたま市西区中野林１４５番地,GSI Address Search,https://ohmiyakoryo-h.spec.ed.jp/,,公立,埼玉県,,,,,,,,2025-03
818aee6c4e,231adf8c5fe9,大宮商業,,商業科,全日制,,46.0,https://studychain.jp/koukoudb/ranking/p-saitama/,,,337-0053,埼玉県さいたま市見沼区大和田町1-356,さいたま市,埼玉県,埼玉県,35.927193,139.645187,埼玉県さいたま市見沼区大和田町一丁目３５６番地,GSI Address Search,,,公立,埼玉県,,,,,,,,
47cdcbe7e1,7a3a80f1f9e6,小鹿野,,総合学科,全日制,,41,https://jyuke-labo.com/koukoujyukentaisaku/hensachi/saitama/,,,368-0105,埼玉県小鹿野町小鹿野962-1,小鹿野町,埼玉県,埼玉県,36.024902,138.99678,埼玉県小鹿野町小鹿野９６２番地,GSI Address Search,,,公立,埼玉県,,,,,,,,
01819a6006,cc39b2619576,桶川,,普通科,全日制,,50.0,https://studychain.jp/koukoudb/ranking/p-saitama/,,,363-0008,埼玉県桶川市坂田945,桶川市,埼玉県,埼玉県,36.019314,139.574188,埼玉県桶川市坂田９４５番地,GSI Address Search,,,公立,埼玉県,,,,,,,,
ddd8b1b87f,fb5a442eff14,桶川西,,普通科,全日制,,40,https://jyuke-labo.com/koukoujyukentaisaku/hensachi/saitama/,,,363-0027,埼玉県桶川市川田谷1531-2,桶川市,埼玉県,埼玉県,35.985901,139.530334,埼玉県桶川市川田谷１５３１番地,GSI Address Search,,,公立,埼玉県,,,,,,,,
58fb3a7748,63a2d9187229,越生翔桜,,普通科,全日制,,40,https://koucolle.com/%E8%B6%8A%E7%94%9F%E9%AB%98%E7%AD%89%E5%AD%A6%E6%A0%A1/,,,,,,埼玉県,埼玉県,,,,,,,公立,埼玉県,,,,,,,,
58fb3a7748,830883fd57f6,越生翔桜,,美術表現科,全日制,,42,https://koucolle.com/%E8%B6%8A%E7%94%9F%E9%AB%98%E7%AD%89%E5%AD%A6%E6%A0%A1/,,,,,,埼玉県,埼玉県,,,,,,,公立,埼玉県,,,,,,,,
31517fadbc,bcc065404816,春日部,,普通科,全日制,,69.0,https://studychain.jp/koukoudb/ranking/p-saitama/,,,344-0061,埼玉県春日部市粕壁5539,春日部市,埼玉県,埼玉県,35.979725,139.740814,埼玉県春日部市粕壁５５３９番地,GSI Address Search,,,公立,埼玉県,,,,,,,,
64a8b8a137,50272bf863ce,春日部工業,,機械科,全日制,,44.0,https://studychain.jp/koukoudb/ranking/p-saitama/,,,344-0053,埼玉県春日部市梅田本町1-1-1,春日部市,埼玉県,埼玉県,35.989529,139.74588,埼玉県春日部市梅田本町一丁目１番,GSI Address Search,,,公立,埼玉県,,,,,,,,
64a8b8a137,131cf09c7ca2,春日部工業,,建築科,全日制,,45.0,https://studychain.jp/koukoudb/ranking/p-saitama/,,,344-0053,埼玉県春日部市梅田本町1-1-1,春日部市,埼玉県,埼玉県,35.989529,139.74588,埼玉県春日部市梅田本町一丁目１番,GSI Address Search,,,公立,埼玉県,,,,,,,,
64a8b8a137,fca36ff63067,春日部工業,,電気科,全日制,,42.0,https://studychain.jp/koukoudb/ranking/p-saitama/,,,344-0053,埼玉県春日部市梅田本町1-1-1,春日部市,埼玉県,埼玉県,35.989529,139.74588,埼玉県春日部市梅田本町一丁目１番,GSI Address Search,,,公立,埼玉県,,,,,,,,
9e8ebfaf36,2e4ee5c8289a,春日部女子,,普通科,全日制,,57.0,https://studychain.jp/koukoudb/ranking/p-saitama/,,,344-8521,埼玉県春日部市粕壁東6-1-1,春日部市,埼玉県,埼玉県,35.979366,139.767197,埼玉県春日部市粕壁東六丁目１番,GSI Address Search,,,公立,埼玉県,,,,,,,,
9e8ebfaf36,e130107bb349,春日部女子,,外国語科,全日制,,60.0,https://studychain.jp/koukoudb/ranking/p-saitama/,,,344-8521,埼玉県春日部市粕壁東6-1-1,春日部市,埼玉県,埼玉県,35.979366,139.767197,埼玉県春日部市粕壁東六丁目１番,GSI Address Search,,,公立,埼玉県,,,,,,,,
dfc75868cf,6e5fd6b6d210,春日部東,,普通科,全日制,,59.0,https://studychain.jp/koukoudb/ranking/p-saitama/,,,344-0002,埼玉県春日部市樋籠363,春日部市,埼玉県,埼玉県,35.989071,139.769119,埼玉県春日部市樋籠３６３番地,GSI Address Search,,,公立,埼玉県,,,,,,,,
dfc75868cf,abb13d9780ce,春日部東,,人文科,全日制,,57.0,https://studychain.jp/koukoudb/ranking/p-saitama/,,,344-0002,埼玉県春日部市樋籠363,春日部市,埼玉県,埼玉県,35.989071,139.769119,埼玉県春日部市樋籠３６３番地,GSI Address Search,,,公立,埼玉県,,,,,,,,
9092085022,b77d3d054bb5,川口,,普通科,全日制,,55.0,https://studychain.jp/koukoudb/ranking/p-saitama/,,,333-0826,埼玉県川口市新井宿諏訪山963,川口市,埼玉県,埼玉県,35.84663,139.737091,埼玉県川口市新井宿,GSI Address Search,,,公立,埼玉県,,,,,,,,
776e24d5d9,bb33d7d46a23,川口工業,,機械科,全日制,,41.0,https://studychain.jp/koukoudb/ranking/p-saitama/,,,333-0846,埼玉県川口市南前川1-10-1,川口市,埼玉県,埼玉県,35.827599,139.707321,埼玉県川口市南前川一丁目１０番１号,GSI Address Search,,,公立,埼玉県,,,,,,,,
776e24d5d9,8a0f46d3c0b3,川口工業,,電気科,全日制,,41.0,https://studychain.jp/koukoudb/ranking/p-saitama/,,,333-0846,埼玉県川口市南前川1-10-1,川口市,埼玉県,埼玉県,35.827599,139.707321,埼玉県川口市南前川一丁目１０番１号,GSI Address Search,,,公立,埼玉県,,,,,,,,
776e24d5d9,c5636d07ce00,川口工業,,情報通信科,全日制,,40.0,https://studychain.jp/koukoudb/ranking/p-saitama/,,,333-0846,埼玉県川口市南前川1-10-1,川口市,埼玉県,埼玉県,35.827599,139.707321,埼玉県川口市南前川一丁目１０番１号,GSI Address Search,,,公立,埼玉県,,,,,,,,
db71bce40b,d09227883436,川口青陵,,普通科,全日制,,43.0,https://studychain.jp/koukoudb/ranking/p-saitama/,,,333-0832,埼玉県川口市神戸東520-1,川口市,埼玉県,埼玉県,35.852169,139.726578,埼玉県川口市神戸,GSI Address Search,,,公立,埼玉県,,,,,,,,
66cf04e9e3,500e15de418a,川越工業,カワゴエコウギョウ,建築科,全日制,共学,45.0,https://studychain.jp/koukoudb/ranking/p-saitama/,,,350-0035,埼玉県川越市西小仙波町2-28-1,川越市,埼玉県,埼玉県,35.912922,139.487228,埼玉県川越市西小仙波町二丁目２８番,GSI Address Search,https://kawagoe-th.spec.ed.jp/,,公立,埼玉県,,,,,,,,2025-03
66cf04e9e3,f41ba1ccff9d,川越工業,カワゴエコウギョウ,電気科,全日制,共学,46.0,https://studychain.jp/koukoudb/ranking/p-saitama/,,,350-0035,埼玉県川越市西小仙波町2-28-1,川越市,埼玉県,埼玉県,35.912922,139.487228,埼玉県川越市西小仙波町二丁目２８番,GSI Address Search,https://kawagoe-th.spec.ed.jp/,,公立,埼玉県,,,,,,,,2025-03
66cf04e9e3,244ad362c955,川越工業,カワゴエコウギョウ,化学科,全日制,共学,45,https://jyuke-labo.com/koukoujyukentaisaku/hensachi/saitama/,,,350-0035,埼玉県川越市西小仙波町2-28-1,川越市,埼玉県,埼玉県,35.912922,139.487228,埼玉県川越市西小仙波町二丁目２８番,GSI Address Search,https://kawagoe-th.spec.ed.jp/,,公立,埼玉県,,,,,,,,2025-03
3ea88ce2c7,3211ebb68fe6,北本,,普通科,全日制,,40.0,https://studychain.jp/koukoudb/ranking/p-saitama/,,,364-0003,埼玉県北本市古市場1-152,北本市,埼玉県,埼玉県,36.043854,139.547943,埼玉県北本市古市場一丁目１５２番地,GSI Address Search,,,公立,埼玉県,,,,,,,,
2d3d209551,2aded5550009,久喜,,普通科,全日制,,54.0,https://studychain.jp/koukoudb/ranking/p-saitama/,,,346-0005,埼玉県久喜市本町3-12-1,久喜市,埼玉県,埼玉県,36.066402,139.667633,埼玉県久喜市本町三丁目１２番,GSI Address Search,,,公立,埼玉県,,,,,,,,
86a5b35dc0,ebbbf740c665,久喜工業,,電気科,全日制,,39.0,https://studychain.jp/koukoudb/ranking/p-saitama/,,,346-0002,埼玉県久喜市野久喜474,久喜市,埼玉県,埼玉県,36.07196,139.686081,埼玉県久喜市野久喜４７４番地,GSI Address Search,,,公立,埼玉県,,,,,,,,
86a5b35dc0,16616728a564,久喜工業,,工業化学科,全日制,,,,,,346-0002,埼玉県久喜市野久喜474,久喜市,埼玉県,埼玉県,36.07196,139.686081,埼玉県久喜市野久喜４７４番地,GSI Address Search,,,公立,埼玉県,,,,,,,,
86a5b35dc0,6c1cb9300c9e,久喜工業,,機械科,全日制,,41.0,https://studychain.jp/koukoudb/ranking/p-saitama/,,,346-0002,埼玉県久喜市野久喜474,久喜市,埼玉県,埼玉県,36.07196,139.686081,埼玉県久喜市野久喜４７４番地,GSI Address Search,,,公立,埼玉県,,,,,,,,
86a5b35dc0,26dee3ce14e6,久喜工業,,環境科学科,全日制,,,,,,346-0002,埼玉県久喜市野久喜474,久喜市,埼玉県,埼玉県,36.07196,139.686081,埼玉県久喜市野久喜４７４番地,GSI Address Search,,,公立,埼玉県,,,,,,,,
86a5b35dc0,53fa4aac5201,久喜工業,,情報技術科,全日制,,40.0,https://studychain.jp/koukoudb/ranking/p-saitama/,,,346-0002,埼玉県久喜市野久喜474,久喜市,埼玉県,埼玉県,36.07196,139.686081,埼玉県久喜市野久喜４７４番地,GSI Address Search,,,公立,埼玉県,,,,,,,,
bc439bafd6,0f350977f755,久喜北陽,,総合学科,全日制,,53.0,https://studychain.jp/koukoudb/ranking/p-saitama/,,,346-0031,埼玉県久喜市久喜本837-1,久喜市,埼玉県,埼玉県,36.077038,139.662857,埼玉県久喜市久喜本８３７番地,GSI Address Search,,,公立,埼玉県,,,,,,,,
b6c7530632,0d5516bdf307,熊谷,,普通科,全日制,,65.0,https://studychain.jp/koukoudb/ranking/p-saitama/,,,360-0812,埼玉県熊谷市大原1-9-1,熊谷市,埼玉県,埼玉県,36.154549,139.380112,埼玉県熊谷市大原一丁目９番,GSI Address Search,,,公立,埼玉県,,,,,,,,
46dcd4da49,ebf3df6dd740,熊谷工業,,電気科,全日制,,43.0,https://studychain.jp/koukoudb/ranking/p-saitama/,,,360-0832,埼玉県熊谷市小島820,熊谷市,埼玉県,埼玉県,36.157829,139.354736,埼玉県熊谷市小島８２０番地,GSI Address Search,,,公立,埼玉県,,,,,,,,
46dcd4da49,ce4df968f607,熊谷工業,,建築科,全日制,,43.0,https://studychain.jp/koukoudb/ranking/p-saitama/,,,360-0832,埼玉県熊谷市小島820,熊谷市,埼玉県,埼玉県,36.157829,139.354736,埼玉県熊谷市小島８２０番地,GSI Address Search,,,公立,埼玉県,,,,,,,,
46dcd4da49,0776135aa40b,熊谷工業,,土木科,全日制,,43,https://jyuke-labo.com/koukoujyukentaisaku/hensachi/saitama/,,,360-0832,埼玉県熊谷市小島820,熊谷市,埼玉県,埼玉県,36.157829,139.354736,埼玉県熊谷市小島８２０番地,GSI Address Search,,,公立,埼玉県,,,,,,,,
46dcd4da49,dd8f93f069a7,熊谷工業,,機械科,全日制,,43,https://jyuke-labo.com/koukoujyukentaisaku/hensachi/saitama/,,,360-0832,埼玉県熊谷市小島820,熊谷市,埼玉県,埼玉県,36.157829,139.354736,埼玉県熊谷市小島８２０番地,GSI Address Search,,,公立,埼玉県,,,,,,,,
46dcd4da49,4b515db31c87,熊谷工業,,情報技術科,全日制,,43.0,https://studychain.jp/koukoudb/ranking/p-saitama/,,,360-0832,埼玉県熊谷市小島820,熊谷市,埼玉県,埼玉県,36.157829,139.354736,埼玉県熊谷市小島８２０番地,GSI Address Search,,,公立,埼玉県,,,,,,,,
9651866bfb,f8045fc95c3e,熊谷商業,,商業科,全日制,,46.0,https://studychain.jp/koukoudb/ranking/p-saitama/,,,360-0833,埼玉県熊谷市広瀬800-6,熊谷市,埼玉県,埼玉県,36.14753,139.349747,埼玉県熊谷市広瀬８００番地,GSI Address Search,,,公立,埼玉県,,,,,,,,
9651866bfb,f4d5472d9415,熊谷商業,,情報処理科,全日制,,46.0,https://studychain.jp/koukoudb/ranking/p-saitama/,,,360-0833,埼玉県熊谷市広瀬800-6,熊谷市,埼玉県,埼玉県,36.14753,139.349747,埼玉県熊谷市広瀬８００番地,GSI Address Search,,,公立,埼玉県,,,,,,,,
9651866bfb,0a4e75ff897a,熊谷商業,,総合ビジネス科,全日制,,46.0,https://studychain.jp/koukoudb/ranking/p-saitama/,,,360-0833,埼玉県熊谷市広瀬800-6,熊谷市,埼玉県,埼玉県,36.14753,139.349747,埼玉県熊谷市広瀬８００番地,GSI Address Search,,,公立,埼玉県,,,,,,,,
08eabe4257,55cd2e969f01,熊谷女子,,普通科,全日制,,63.0,https://studychain.jp/koukoudb/ranking/p-saitama/,,,360-0031,埼玉県熊谷市末広2-131,熊谷市,埼玉県,埼玉県,36.144588,139.392578,埼玉県熊谷市末広二丁目１３１番地,GSI Address Search,,,公立,埼玉県,,,,,,,,
cd0a1ae4e8,8a2429e30019,熊谷西,,普通科,全日制,,62.0,https://studychain.jp/koukoudb/ranking/p-saitama/,,,360-0843,埼玉県熊谷市三ヶ尻2066,熊谷市,埼玉県,埼玉県,36.164013,139.331818,埼玉県熊谷市三ケ尻２０６６番地,GSI Address Search,,,公立,埼玉県,,,,,,,,
cd0a1ae4e8,d22ab18ada85,熊谷西,,理数科,全日制,,63.0,https://studychain.jp/koukoudb/ranking/p-saitama/,,,360-0843,埼玉県熊谷市三ヶ尻2066,熊谷市,埼玉県,埼玉県,36.164013,139.331818,埼玉県熊谷市三ケ尻２０６６番地,GSI Address Search,,,公立,埼玉県,,,,,,,,
0eec9ca6b1,48f7614f385b,熊谷農業,,食品科学科,全日制,,42.0,https://studychain.jp/koukoudb/ranking/p-saitama/,,,360-0812,埼玉県熊谷市大原3-3-1,熊谷市,埼玉県,埼玉県,36.154751,139.377792,埼玉県熊谷市大原三丁目３番,GSI Address Search,,,公立,埼玉県,,,,,,,,
0eec9ca6b1,94f8321cf623,熊谷農業,,生物生産工学科,全日制,,42.0,https://studychain.jp/koukoudb/ranking/p-saitama/,,,360-0812,埼玉県熊谷市大原3-3-1,熊谷市,埼玉県,埼玉県,36.154751,139.377792,埼玉県熊谷市大原三丁目３番,GSI Address Search,,,公立,埼玉県,,,,,,,,
0eec9ca6b1,f1c908c8ae69,熊谷農業,,生活技術科,全日制,,41.0,https://studychain.jp/koukoudb/ranking/p-saitama/,,,360-0812,埼玉県熊谷市大原3-3-1,熊谷市,埼玉県,埼玉県,36.154751,139.377792,埼玉県熊谷市大原三丁目３番,GSI Address Search,,,公立,埼玉県,,,,,,,,
0eec9ca6b1,83120913bfbd,熊谷農業,,生物生産技術科,全日制,,42.0,https://studychain.jp/koukoudb/ranking/p-saitama/,,,360-0812,埼玉県熊谷市大原3-3-1,熊谷市,埼玉県,埼玉県,36.154751,139.377792,埼玉県熊谷市大原三丁目３番,GSI Address Search,,,公立,埼玉県,,,,,,,,
802e516f01,d1326185c3fd,栗橋北彩,,普通科,全日制,,39.0,https://studychain.jp/koukoudb/ranking/p-saitama/,,,349-1128,埼玉県久喜市伊坂南2-16,久喜市,埼玉県,埼玉県,36.134766,139.690186,埼玉県久喜市伊坂,GSI Address Search,,,公立,埼玉県,,,,,,,,
e9daf2f29a,a073a5ccee42,芸術総合,ゲイジュツソウゴウ,映像芸術科,全日制,共学,52.0,https://studychain.jp/koukoudb/ranking/p-saitama/,,,359-1164,埼玉県所沢市三ヶ島2-695-1,所沢市,埼玉県,埼玉県,35.786572,139.404846,埼玉県所沢市三ケ島二丁目６９５番地,GSI Address Search,https://geiso-h.spec.ed.jp/,,公立,埼玉県,,,,,,,,2025-03
e9daf2f29a,36b0dfa1f57e,芸術総合,ゲイジュツソウゴウ,舞台芸術科,全日制,共学,50.0,https://studychain.jp/koukoudb/ranking/p-saitama/,,,359-1164,埼玉県所沢市三ヶ島2-695-1,所沢市,埼玉県,埼玉県,35.786572,139.404846,埼玉県所沢市三ケ島二丁目６９５番地,GSI Address Search,https://geiso-h.spec.ed.jp/,,公立,埼玉県,,,,,,,,2025-03
eebb936e2c,c43eac75bb99,鴻巣,,普通科,全日制,,46.0,https://studychain.jp/koukoudb/ranking/p-saitama/,,,365-0054,埼玉県鴻巣市大間1020,鴻巣市,埼玉県,埼玉県,36.059494,139.500381,埼玉県鴻巣市大間１０２０番地,GSI Address Search,,,公立,埼玉県,,,,,,,,
eebb936e2c,c4eb3b191d82,鴻巣,,商業科,全日制,,42.0,https://studychain.jp/koukoudb/ranking/p-saitama/,,,365-0054,埼玉県鴻巣市大間1020,鴻巣市,埼玉県,埼玉県,36.059494,139.500381,埼玉県鴻巣市大間１０２０番地,GSI Address Search,,,公立,埼玉県,,,,,,,,
c4b23684a1,b6b384dafd90,鴻巣女子,,普通科,全日制,,40.0,https://studychain.jp/koukoudb/ranking/p-saitama/,,,365-0036,埼玉県鴻巣市天神1-1-72,鴻巣市,埼玉県,埼玉県,36.059692,139.517593,埼玉県鴻巣市天神一丁目１番７２号,GSI Address Search,,,公立,埼玉県,,,,,,,,
c4b23684a1,b7fe04c1ef53,鴻巣女子,,保育科,全日制,,44.0,https://studychain.jp/koukoudb/ranking/p-saitama/,,,365-0036,埼玉県鴻巣市天神1-1-72,鴻巣市,埼玉県,埼玉県,36.059692,139.517593,埼玉県鴻巣市天神一丁目１番７２号,GSI Address Search,,,公立,埼玉県,,,,,,,,
c4b23684a1,ea9cfa6a4f57,鴻巣女子,,家政科学科,全日制,,44.0,https://studychain.jp/koukoudb/ranking/p-saitama/,,,365-0036,埼玉県鴻巣市天神1-1-72,鴻巣市,埼玉県,埼玉県,36.059692,139.517593,埼玉県鴻巣市天神一丁目１番７２号,GSI Address Search,,,公立,埼玉県,,,,,,,,
53ea7ae60b,6a1a6a14d46a,越ヶ谷,,普通科,全日制,,64.0,https://studychain.jp/koukoudb/ranking/p-saitama/,,,343-0024,埼玉県越谷市越ヶ谷2788-1,越谷市,埼玉県,埼玉県,35.89933,139.791306,埼玉県越谷市越ヶ谷２７８８番地,GSI Address Search,,,公立,埼玉県,,,,,,,,
67e2a2263f,f195b38d1f22,越谷北,,普通科,全日制,,66.0,https://studychain.jp/koukoudb/ranking/p-saitama/,,,343-0044,埼玉県越谷市大泊500-1,越谷市,埼玉県,埼玉県,35.937054,139.788071,埼玉県越谷市大泊５００番地,GSI Address Search,,,公立,埼玉県,,,,,,,,
67e2a2263f,59f475cb1703,越谷北,,理数科,全日制,,68.0,https://studychain.jp/koukoudb/ranking/p-saitama/,,,343-0044,埼玉県越谷市大泊500-1,越谷市,埼玉県,埼玉県,35.937054,139.788071,埼玉県越谷市大泊５００番地,GSI Address Search,,,公立,埼玉県,,,,,,,,
e00aaa089c,ebd56a105c2b,越谷総合技術,,電子機械科,全日制,,49,https://jyuke-labo.com/koukoujyukentaisaku/hensachi/saitama/,,,343-0856,埼玉県越谷市谷中町3-100-1,越谷市,埼玉県,埼玉県,35.884041,139.768661,埼玉県越谷市谷中町三丁目１００番地,GSI Address Search,,,公立,埼玉県,,,,,,,,
e00aaa089c,8336920b61b4,越谷総合技術,,情報技術科,全日制,,54.0,https://studychain.jp/koukoudb/ranking/p-saitama/,,,343-0856,埼玉県越谷市谷中町3-100-1,越谷市,埼玉県,埼玉県,35.884041,139.768661,埼玉県越谷市谷中町三丁目１００番地,GSI Address Search,,,公立,埼玉県,,,,,,,,
e00aaa089c,84c7488f0bc9,越谷総合技術,,流通経済科,全日制,,48,https://jyuke-labo.com/koukoujyukentaisaku/hensachi/saitama/,,,343-0856,埼玉県越谷市谷中町3-100-1,越谷市,埼玉県,埼玉県,35.884041,139.768661,埼玉県越谷市谷中町三丁目１００番地,GSI Address Search,,,公立,埼玉県,,,,,,,,
e00aaa089c,08da1b5b17a6,越谷総合技術,,情報処理科,全日制,,52.0,https://studychain.jp/koukoudb/ranking/p-saitama/,,,343-0856,埼玉県越谷市谷中町3-100-1,越谷市,埼玉県,埼玉県,35.884041,139.768661,埼玉県越谷市谷中町三丁目１００番地,GSI Address Search,,,公立,埼玉県,,,,,,,,
e00aaa089c,110369661666,越谷総合技術,,服飾デザイン科,全日制,,47,https://jyuke-labo.com/koukoujyukentaisaku/hensachi/saitama/,,,343-0856,埼玉県越谷市谷中町3-100-1,越谷市,埼玉県,埼玉県,35.884041,139.768661,埼玉県越谷市谷中町三丁目１００番地,GSI Address Search,,,公立,埼玉県,,,,,,,,
e00aaa089c,f48d8ef0086a,越谷総合技術,,食物調理科,全日制,,53.0,https://studychain.jp/koukoudb/ranking/p-saitama/,,,343-0856,埼玉県越谷市谷中町3-100-1,越谷市,埼玉県,埼玉県,35.884041,139.768661,埼玉県越谷市谷中町三丁目１００番地,GSI Address Search,,,公立,埼玉県,,,,,,,,
e77c6fe2aa,a1647db905cc,越谷西,,普通科,全日制,,52.0,https://studychain.jp/koukoudb/ranking/p-saitama/,,,343-0801,埼玉県越谷市野島460-1,越谷市,埼玉県,埼玉県,35.916466,139.748627,埼玉県越谷市野島４６０番地,GSI Address Search,,,公立,埼玉県,,,,,,,,
38fe37423b,4c6ba8ef5981,越谷東,,普通科,全日制,,47.0,https://studychain.jp/koukoudb/ranking/p-saitama/,,,343-0011,埼玉県越谷市増林荒川堤外5670-1,越谷市,埼玉県,埼玉県,35.908463,139.811401,埼玉県越谷市増林,GSI Address Search,,,公立,埼玉県,,,,,,,,
f2a0ce2faf,e3a50597649a,越谷南,,普通科,全日制,,60.0,https://studychain.jp/koukoudb/ranking/p-saitama/,,,343-0828,埼玉県越谷市レイクタウン7-9,越谷市,埼玉県,埼玉県,35.873726,139.820633,埼玉県越谷市レイクタウン七丁目９番,GSI Address Search,,,公立,埼玉県,,,,,,,,
f2a0ce2faf,bcd3ef4cc1cf,越谷南,,外国語科,全日制,,56.0,https://studychain.jp/koukoudb/ranking/p-saitama/,,,343-0828,埼玉県越谷市レイクタウン7-9,越谷市,埼玉県,埼玉県,35.873726,139.820633,埼玉県越谷市レイクタウン七丁目９番,GSI Address Search,,,公立,埼玉県,,,,,,,,
ae4e564c29,fdd4a0d00d93,児玉,,普通科,全日制,,40.0,https://studychain.jp/koukoudb/ranking/p-saitama/,,,367-0216,埼玉県本庄市児玉町金屋980,本庄市,埼玉県,埼玉県,36.187969,139.11972,埼玉県本庄市児玉町金屋９８０番地,GSI Address Search,,,公立,埼玉県,,,,,,,,
ae4e564c29,9e0a904bdc40,児玉,,生物資源科,全日制,,40.0,https://studychain.jp/koukoudb/ranking/p-saitama/,,,367-0216,埼玉県本庄市児玉町金屋980,本庄市,埼玉県,埼玉県,36.187969,139.11972,埼玉県本庄市児玉町金屋９８０番地,GSI Address Search,,,公立,埼玉県,,,,,,,,
ae4e564c29,ca7408b95074,児玉,,環境デザイン科,全日制,,39.0,https://studychain.jp/koukoudb/ranking/p-saitama/,,,367-0216,埼玉県本庄市児玉町金屋980,本庄市,埼玉県,埼玉県,36.187969,139.11972,埼玉県本庄市児玉町金屋９８０番地,GSI Address Search,,,公立,埼玉県,,,,,,,,
ae4e564c29,8c980ab447e9,児玉,,機械科,全日制,,38,https://jyuke-labo.com/koukoujyukentaisaku/hensachi/saitama/,,,367-0216,埼玉県本庄市児玉町金屋980,本庄市,埼玉県,埼玉県,36.187969,139.11972,埼玉県本庄市児玉町金屋９８０番地,GSI Address Search,,,公立,埼玉県,,,,,,,,
ae4e564c29,24749e67cf05,児玉,,電子機械科,全日制,,39,https://jyuke-labo.com/koukoujyukentaisaku/hensachi/saitama/,,,367-0216,埼玉県本庄市児玉町金屋980,本庄市,埼玉県,埼玉県,36.187969,139.11972,埼玉県本庄市児玉町金屋９８０番地,GSI Address Search,,,公立,埼玉県,,,,,,,,
94ade49d4a,d88637e08646,幸手桜,,総合学科,全日制,,42.0,https://studychain.jp/koukoudb/ranking/p-saitama/,,,340-0111,埼玉県幸手市北1-17-59,幸手市,埼玉県,埼玉県,36.085552,139.719254,埼玉県幸手市北一丁目１７番５９号,GSI Address Search,,,公立,埼玉県,,,,,,,,
b0e5c610c2,c22914a770a7,狭山経済,,流通経済科,全日制,,46.0,https://studychain.jp/koukoudb/ranking/p-saitama/,,,350-1324,埼玉県狭山市稲荷山2-6-1,狭山市,埼玉県,埼玉県,35.842255,139.395477,埼玉県狭山市稲荷山二丁目６番地,GSI Address Search,,,公立,埼玉県,,,,,,,,
b0e5c610c2,07a832a77b74,狭山経済,,会計科,全日制,,44.0,https://studychain.jp/koukoudb/ranking/p-saitama/,,,350-1324,埼玉県狭山市稲荷山2-6-1,狭山市,埼玉県,埼玉県,35.842255,139.395477,埼玉県狭山市稲荷山二丁目６番地,GSI Address Search,,,公立,埼玉県,,,,,,,,
b0e5c610c2,972bc01c707f,狭山経済,,情報処理科,全日制,,47.0,https://studychain.jp/koukoudb/ranking/p-saitama/,,,350-1324,埼玉県狭山市稲荷山2-6-1,狭山市,埼玉県,埼玉県,35.842255,139.395477,埼玉県狭山市稲荷山二丁目６番地,GSI Address Search,,,公立,埼玉県,,,,,,,,
03f6fb9167,871e268501e6,狭山工業,,機械科,全日制,,41.0,https://studychain.jp/koukoudb/ranking/p-saitama/,,,350-1306,埼玉県狭山市富士見2-5-1,狭山市,埼玉県,埼玉県,35.848629,139.419266,埼玉県狭山市富士見二丁目５番１号,GSI Address Search,,,公立,埼玉県,,,,,,,,
03f6fb9167,5ed70068ed61,狭山工業,,電気科,全日制,,40.0,https://studychain.jp/koukoudb/ranking/p-saitama/,,,350-1306,埼玉県狭山市富士見2-5-1,狭山市,埼玉県,埼玉県,35.848629,139.419266,埼玉県狭山市富士見二丁目５番１号,GSI Address Search,,,公立,埼玉県,,,,,,,,
03f6fb9167,6cbd04e81cda,狭山工業,,電子機械科,全日制,,43,https://jyuke-labo.com/koukoujyukentaisaku/hensachi/saitama/,,,350-1306,埼玉県狭山市富士見2-5-1,狭山市,埼玉県,埼玉県,35.848629,139.419266,埼玉県狭山市富士見二丁目５番１号,GSI Address Search,,,公立,埼玉県,,,,,,,,
3533c1fb4e,84338825c608,狭山清陵,,普通科,全日制,,46.0,https://studychain.jp/koukoudb/ranking/p-saitama/,,,350-1333,埼玉県狭山市上奥富34-3,狭山市,埼玉県,埼玉県,35.873386,139.423813,埼玉県狭山市上奥富３４番地,GSI Address Search,,,公立,埼玉県,,,,,,,,
664d3747a7,da93c2f520d1,庄和,,普通科,全日制,,47.0,https://studychain.jp/koukoudb/ranking/p-saitama/,,,344-0117,埼玉県春日部市金崎583,春日部市,埼玉県,埼玉県,35.99139,139.805481,埼玉県春日部市金崎５８３番地,GSI Address Search,,,公立,埼玉県,,,,,,,,
bf199cb44e,5f8e0d156dca,白岡,,普通科,全日制,,43.0,https://studychain.jp/koukoudb/ranking/p-saitama/,,,349-0213,埼玉県白岡市高岩275-1,白岡市,埼玉県,埼玉県,36.03154,139.676529,埼玉県白岡市高岩２７５番地,GSI Address Search,,,公立,埼玉県,,,,,,,,
94ae483867,38b4253c2242,進修館,,総合学科,全日制,,47.0,https://studychain.jp/koukoudb/ranking/p-saitama/,,,361-0023,埼玉県行田市長野1320,行田市,埼玉県,埼玉県,36.152058,139.466232,埼玉県行田市長野１３２０番地,GSI Address Search,,,公立,埼玉県,,,,,,,,
94ae483867,89baf22e111d,進修館,,電気システム科,全日制,,,,,,361-0023,埼玉県行田市長野1320,行田市,埼玉県,埼玉県,36.152058,139.466232,埼玉県行田市長野１３２０番地,GSI Address Search,,,公立,埼玉県,,,,,,,,
94ae483867,fa7560026106,進修館,,情報メディア科,全日制,,44.0,https://studychain.jp/koukoudb/ranking/p-saitama/,,,361-0023,埼玉県行田市長野1320,行田市,埼玉県,埼玉県,36.152058,139.466232,埼玉県行田市長野１３２０番地,GSI Address Search,,,公立,埼玉県,,,,,,,,
94ae483867,99bbf8d779bf,進修館,,ものづくり科,全日制,,45.0,https://studychain.jp/koukoudb/ranking/p-saitama/,,,361-0023,埼玉県行田市長野1320,行田市,埼玉県,埼玉県,36.152058,139.466232,埼玉県行田市長野１３２０番地,GSI Address Search,,,公立,埼玉県,,,,,,,,
78d328b0d6,87fa52f3397e,杉戸,,普通科,全日制,,55.0,https://studychain.jp/koukoudb/ranking/p-saitama/,,,345-0025,埼玉県杉戸町清地1-1-36,杉戸町,埼玉県,埼玉県,36.027466,139.731934,埼玉県杉戸町清地一丁目１番３６号,GSI Address Search,,,公立,埼玉県,,,,,,,,
56ccc08dcc,e4c9c7a47e5f,杉戸農業,,生物生産技術科,全日制,,42.0,https://studychain.jp/koukoudb/ranking/p-saitama/,,,345-0024,埼玉県杉戸町堤根1684-1,杉戸町,埼玉県,埼玉県,36.023849,139.748703,埼玉県杉戸町堤根１６８４番地,GSI Address Search,,,公立,埼玉県,,,,,,,,
56ccc08dcc,a69ad5e7a010,杉戸農業,,園芸科,全日制,,42.0,https://studychain.jp/koukoudb/ranking/p-saitama/,,,345-0024,埼玉県杉戸町堤根1684-1,杉戸町,埼玉県,埼玉県,36.023849,139.748703,埼玉県杉戸町堤根１６８４番地,GSI Address Search,,,公立,埼玉県,,,,,,,,
56ccc08dcc,da60e7f8c1cb,杉戸農業,,造園科,全日制,,42,https://jyuke-labo.com/koukoujyukentaisaku/hensachi/saitama/,,,345-0024,埼玉県杉戸町堤根1684-1,杉戸町,埼玉県,埼玉県,36.023849,139.748703,埼玉県杉戸町堤根１６８４番地,GSI Address Search,,,公立,埼玉県,,,,,,,,
56ccc08dcc,a78cca8f5da7,杉戸農業,,食品流通科,全日制,,42.0,https://studychain.jp/koukoudb/ranking/p-saitama/,,,345-0024,埼玉県杉戸町堤根1684-1,杉戸町,埼玉県,埼玉県,36.023849,139.748703,埼玉県杉戸町堤根１６８４番地,GSI Address Search,,,公立,埼玉県,,,,,,,,
56ccc08dcc,393d27bfcf37,杉戸農業,,生活技術科,全日制,,42,https://jyuke-labo.com/koukoujyukentaisaku/hensachi/saitama/,,,345-0024,埼玉県杉戸町堤根1684-1,杉戸町,埼玉県,埼玉県,36.023849,139.748703,埼玉県杉戸町堤根１６８４番地,GSI Address Search,,,公立,埼玉県,,,,,,,,
56ccc08dcc,06bdc60c37f0,杉戸農業,,生物生産工学科,全日制,,43,https://jyuke-labo.com/koukoujyukentaisaku/hensachi/saitama/,,,345-0024,埼玉県杉戸町堤根1684-1,杉戸町,埼玉県,埼玉県,36.023849,139.748703,埼玉県杉戸町堤根１６８４番地,GSI Address Search,,,公立,埼玉県,,,,,,,,
e9eec4d8c8,97eac571d374,誠和福祉,,総合学科,全日制,,44,https://jyuke-labo.com/koukoujyukentaisaku/hensachi/saitama/,,,348-0024,埼玉県羽生市神戸706,羽生市,埼玉県,埼玉県,36.137566,139.561676,埼玉県羽生市神戸７０６番地,GSI Address Search,,,公立,埼玉県,,,,,,,,
e9eec4d8c8,abbbea60ee2d,誠和福祉,,福祉科,全日制,,,,,,348-0024,埼玉県羽生市神戸706,羽生市,埼玉県,埼玉県,36.137566,139.561676,埼玉県羽生市神戸７０６番地,GSI Address Search,,,公立,埼玉県,,,,,,,,
96413b9260,bdd2f9560418,草加,,普通科,全日制,,53.0,https://studychain.jp/koukoudb/ranking/p-saitama/,,,340-0002,埼玉県草加市青柳5-3-1,草加市,埼玉県,埼玉県,35.852692,139.811569,埼玉県草加市青柳五丁目３番１号,GSI Address Search,,,公立,埼玉県,,,,,,,,
eb17c7f53b,c8daf98f09bb,草加西,,普通科,全日制,,44.0,https://studychain.jp/koukoudb/ranking/p-saitama/,,,340-8524,埼玉県草加市原町2-7-1,草加市,埼玉県,埼玉県,35.845989,139.773865,埼玉県草加市原町二丁目７番１号,GSI Address Search,,,公立,埼玉県,,,,,,,,
ae42d52516,5af4d56ecc8d,草加東,,普通科,全日制,,50.0,https://studychain.jp/koukoudb/ranking/p-saitama/,,,340-0001,埼玉県草加市柿木町1110-1,草加市,埼玉県,埼玉県,35.865742,139.826874,埼玉県草加市柿木町１１１０番地,GSI Address Search,,,公立,埼玉県,,,,,,,,
378376f752,fc661c0afbee,草加南,,普通科,全日制,,52.0,https://studychain.jp/koukoudb/ranking/p-saitama/,,,340-0033,埼玉県草加市柳島町66,草加市,埼玉県,埼玉県,35.818687,139.787552,埼玉県草加市柳島町６６番地,GSI Address Search,,,公立,埼玉県,,,,,,,,
378376f752,19ff6e49c345,草加南,,外国語科,全日制,,53.0,https://studychain.jp/koukoudb/ranking/p-saitama/,,,340-0033,埼玉県草加市柳島町66,草加市,埼玉県,埼玉県,35.818687,139.787552,埼玉県草加市柳島町６６番地,GSI Address Search,,,公立,埼玉県,,,,,,,,
87b0f9a02e,b1ebcae095cd,秩父,,普通科,全日制,,53.0,https://studychain.jp/koukoudb/ranking/p-saitama/,,,368-0035,埼玉県秩父市上町2-23-45,秩父市,埼玉県,埼玉県,35.992931,139.075317,埼玉県秩父市上町二丁目２３番４５号,GSI Address Search,,,公立,埼玉県,,,,,,,,
87b0f9a02e,b7043c2b472c,秩父,,国際教養科,全日制,,,,,,368-0035,埼玉県秩父市上町2-23-45,秩父市,埼玉県,埼玉県,35.992931,139.075317,埼玉県秩父市上町二丁目２３番４５号,GSI Address Search,,,公立,埼玉県,,,,,,,,
e682d0eb9c,e15c64e54f93,秩父農工科学,,農業科,全日制,,41.0,https://studychain.jp/koukoudb/ranking/p-saitama/,,,368-0005,埼玉県秩父市大野原2000,秩父市,埼玉県,埼玉県,36.023998,139.090485,埼玉県秩父市大野原２０００番地,GSI Address Search,,,公立,埼玉県,,,,,,,,
e682d0eb9c,ba5bb86492f4,秩父農工科学,,食品化学科,全日制,,39,https://jyuke-labo.com/koukoujyukentaisaku/hensachi/saitama/,,,368-0005,埼玉県秩父市大野原2000,秩父市,埼玉県,埼玉県,36.023998,139.090485,埼玉県秩父市大野原２０００番地,GSI Address Search,,,公立,埼玉県,,,,,,,,
e682d0eb9c,f923229252ee,秩父農工科学,,森林科学科,全日制,,38,https://jyuke-labo.com/koukoujyukentaisaku/hensachi/saitama/,,,368-0005,埼玉県秩父市大野原2000,秩父市,埼玉県,埼玉県,36.023998,139.090485,埼玉県秩父市大野原２０００番地,GSI Address Search,,,公立,埼玉県,,,,,,,,
e682d0eb9c,dd080a84dce9,秩父農工科学,,電気システム科,全日制,,39.0,https://studychain.jp/koukoudb/ranking/p-saitama/,,,368-0005,埼玉県秩父市大野原2000,秩父市,埼玉県,埼玉県,36.023998,139.090485,埼玉県秩父市大野原２０００番地,GSI Address Search,,,公立,埼玉県,,,,,,,,
e682d0eb9c,f8796e93e728,秩父農工科学,,機械システム科,全日制,,41,https://jyuke-labo.com/koukoujyukentaisaku/hensachi/saitama/,,,368-0005,埼玉県秩父市大野原2000,秩父市,埼玉県,埼玉県,36.023998,139.090485,埼玉県秩父市大野原２０００番地,GSI Address Search,,,公立,埼玉県,,,,,,,,
e682d0eb9c,17aa10b03fbf,秩父農工科学,,ライフデザイン科,全日制,,41,https://jyuke-labo.com/koukoujyukentaisaku/hensachi/saitama/,,,368-0005,埼玉県秩父市大野原2000,秩父市,埼玉県,埼玉県,36.023998,139.090485,埼玉県秩父市大野原２０００番地,GSI Address Search,,,公立,埼玉県,,,,,,,,
e682d0eb9c,65fd376429ae,秩父農工科学,,フードデザイン科,全日制,,41.0,https://studychain.jp/koukoudb/ranking/p-saitama/,,,368-0005,埼玉県秩父市大野原2000,秩父市,埼玉県,埼玉県,36.023998,139.090485,埼玉県秩父市大野原２０００番地,GSI Address Search,,,公立,埼玉県,,,,,,,,
2f9a090dcc,f06dc3a793d8,鶴ケ島清風,,普通科,全日制,,40.0,https://studychain.jp/koukoudb/ranking/p-saitama/,,,350-2223,埼玉県鶴ヶ島市高倉946-1,鶴ヶ島市,埼玉県,埼玉県,35.93248,139.379456,埼玉県鶴ヶ島市高倉９４６番地,GSI Address Search,,,公立,埼玉県,,,,,,,,
77d708851c,c6c6cfc610c2,所沢商業,,情報処理科,全日制,,44.0,https://studychain.jp/koukoudb/ranking/p-saitama/,,,359-1167,埼玉県所沢市林2-88,所沢市,埼玉県,埼玉県,35.801205,139.401062,埼玉県所沢市林二丁目８８番地,GSI Address Search,,,公立,埼玉県,,,,,,,,
77d708851c,ca0b217257b6,所沢商業,,国際流通科,全日制,,43.0,https://studychain.jp/koukoudb/ranking/p-saitama/,,,359-1167,埼玉県所沢市林2-88,所沢市,埼玉県,埼玉県,35.801205,139.401062,埼玉県所沢市林二丁目８８番地,GSI Address Search,,,公立,埼玉県,,,,,,,,
77d708851c,baabe0f02d68,所沢商業,,ビジネス会計科,全日制,,42.0,https://studychain.jp/koukoudb/ranking/p-saitama/,,,359-1167,埼玉県所沢市林2-88,所沢市,埼玉県,埼玉県,35.801205,139.401062,埼玉県所沢市林二丁目８８番地,GSI Address Search,,,公立,埼玉県,,,,,,,,
9604470d43,382acc34df1b,豊岡,,普通科,全日制,,50.0,https://studychain.jp/koukoudb/ranking/p-saitama/,,,358-0003,埼玉県入間市豊岡1-15-1,入間市,埼玉県,埼玉県,35.83852,139.390762,埼玉県入間市豊岡一丁目１５番１号,GSI Address Search,,,公立,埼玉県,,,,,,,,
e98b232164,f2893b772144,新座総合技術,ニイザソウゴウギジュツ,電子機械科,全日制,共学,48.0,https://studychain.jp/koukoudb/ranking/p-saitama/,,,352-0013,埼玉県新座市新塚1-3-1,新座市,埼玉県,埼玉県,35.778633,139.584732,埼玉県新座市新塚一丁目３番,GSI Address Search,https://nsg-h.spec.ed.jp/,,公立,埼玉県,,,,,,,,2025-03
e98b232164,0847271adb2b,新座総合技術,ニイザソウゴウギジュツ,情報技術科,全日制,共学,49,https://jyuke-labo.com/koukoujyukentaisaku/hensachi/saitama/,,,352-0013,埼玉県新座市新塚1-3-1,新座市,埼玉県,埼玉県,35.778633,139.584732,埼玉県新座市新塚一丁目３番,GSI Address Search,https://nsg-h.spec.ed.jp/,,公立,埼玉県,,,,,,,,2025-03
e98b232164,a5d594ce5b40,新座総合技術,ニイザソウゴウギジュツ,デザイン科,全日制,共学,49,https://jyuke-labo.com/koukoujyukentaisaku/hensachi/saitama/,,,352-0013,埼玉県新座市新塚1-3-1,新座市,埼玉県,埼玉県,35.778633,139.584732,埼玉県新座市新塚一丁目３番,GSI Address Search,https://nsg-h.spec.ed.jp/,,公立,埼玉県,,,,,,,,2025-03
e98b232164,0f7aa6686aae,新座総合技術,ニイザソウゴウギジュツ,総合ビジネス科,全日制,共学,48,https://jyuke-labo.com/koukoujyukentaisaku/hensachi/saitama/,,,352-0013,埼玉県新座市新塚1-3-1,新座市,埼玉県,埼玉県,35.778633,139.584732,埼玉県新座市新塚一丁目３番,GSI Address Search,https://nsg-h.spec.ed.jp/,,公立,埼玉県,,,,,,,,2025-03
5311fc8296,8563c0471652,蓮田松韻,,普通科,全日制,,39.0,https://studychain.jp/koukoudb/ranking/p-saitama/,,,349-0101,埼玉県蓮田市黒浜4088,蓮田市,埼玉県,埼玉県,35.996014,139.672974,埼玉県蓮田市黒浜４０８８番地,GSI Address Search,,,公立,埼玉県,,,,,,,,
30a59dce1f,136bb07c32e9,鳩ヶ谷,,普通科,全日制,,48.0,https://studychain.jp/koukoudb/ranking/p-saitama/,,,334-0005,埼玉県川口市里225-1,川口市,埼玉県,埼玉県,35.837372,139.726532,埼玉県川口市里２２５番地,GSI Address Search,,,公立,埼玉県,,,,,,,,
30a59dce1f,ab5dd638e3b0,鳩ヶ谷,,園芸デザイン科,全日制,,42.0,https://studychain.jp/koukoudb/ranking/p-saitama/,,,334-0005,埼玉県川口市里225-1,川口市,埼玉県,埼玉県,35.837372,139.726532,埼玉県川口市里２２５番地,GSI Address Search,,,公立,埼玉県,,,,,,,,
30a59dce1f,0bc2ce9d2496,鳩ヶ谷,,情報処理科,全日制,,45.0,https://studychain.jp/koukoudb/ranking/p-saitama/,,,334-0005,埼玉県川口市里225-1,川口市,埼玉県,埼玉県,35.837372,139.726532,埼玉県川口市里２２５番地,GSI Address Search,,,公立,埼玉県,,,,,,,,
39b499d638,0e2cf75fd0fb,羽生実業,,園芸科,全日制,,,,,,348-8502,埼玉県羽生市羽生323,羽生市,埼玉県,埼玉県,36.177795,139.526627,埼玉県羽生市羽生３２３番地,GSI Address Search,,,公立,埼玉県,,,,,,,,
39b499d638,ea15cd342ba3,羽生実業,,農業経済科,全日制,,38.0,https://studychain.jp/koukoudb/ranking/p-saitama/,,,348-8502,埼玉県羽生市羽生323,羽生市,埼玉県,埼玉県,36.177795,139.526627,埼玉県羽生市羽生３２３番地,GSI Address Search,,,公立,埼玉県,,,,,,,,
39b499d638,18fc99778df2,羽生実業,,商業科,全日制,,39,https://jyuke-labo.com/koukoujyukentaisaku/hensachi/saitama/,,,348-8502,埼玉県羽生市羽生323,羽生市,埼玉県,埼玉県,36.177795,139.526627,埼玉県羽生市羽生３２３番地,GSI Address Search,,,公立,埼玉県,,,,,,,,
39b499d638,160755ee5a7d,羽生実業,,ビジネス会計科,全日制,,,,,,348-8502,埼玉県羽生市羽生323,羽生市,埼玉県,埼玉県,36.177795,139.526627,埼玉県羽生市羽生３２３番地,GSI Address Search,,,公立,埼玉県,,,,,,,,
39b499d638,679432082289,羽生実業,,情報処理科,全日制,,39.0,https://studychain.jp/koukoudb/ranking/p-saitama/,,,348-8502,埼玉県羽生市羽生323,羽生市,埼玉県,埼玉県,36.177795,139.526627,埼玉県羽生市羽生３２３番地,GSI Address Search,,,公立,埼玉県,,,,,,,,
db27905ec8,9945d1528db8,羽生第一,,普通科,全日制,,50.0,https://studychain.jp/koukoudb/ranking/p-saitama/,,,348-0045,埼玉県羽生市下岩瀬153,羽生市,埼玉県,埼玉県,36.160336,139.532623,埼玉県羽生市下岩瀬１５３番地,GSI Address Search,,,公立,埼玉県,,,,,,,,
b266193946,685b17b5567b,飯能,,普通科,全日制,,44.0,https://studychain.jp/koukoudb/ranking/p-saitama/,,,357-0032,埼玉県飯能市本町17-13,飯能市,埼玉県,埼玉県,35.857834,139.318008,埼玉県飯能市本町１７番１３号,GSI Address Search,,,公立,埼玉県,,,,,,,,
488ce8ec68,1a1582ace959,深谷,,普通科,全日制,,42.0,https://studychain.jp/koukoudb/ranking/p-saitama/,,,366-8515,埼玉県深谷市宿根315,深谷市,埼玉県,埼玉県,36.202354,139.265793,埼玉県深谷市宿根３１５番地,GSI Address Search,,,公立,埼玉県,,,,,,,,
318ad74756,3eece2e5cdc4,深谷商業,,商業科,全日制,,47.0,https://studychain.jp/koukoudb/ranking/p-saitama/,,,366-0035,埼玉県深谷市原郷80,深谷市,埼玉県,埼玉県,36.19714,139.292374,埼玉県深谷市原郷８０番地,GSI Address Search,,,公立,埼玉県,,,,,,,,
318ad74756,d09da962d522,深谷商業,,会計科,全日制,,47.0,https://studychain.jp/koukoudb/ranking/p-saitama/,,,366-0035,埼玉県深谷市原郷80,深谷市,埼玉県,埼玉県,36.19714,139.292374,埼玉県深谷市原郷８０番地,GSI Address Search,,,公立,埼玉県,,,,,,,,
318ad74756,a3ecf19e0b0c,深谷商業,,情報処理科,全日制,,47.0,https://studychain.jp/koukoudb/ranking/p-saitama/,,,366-0035,埼玉県深谷市原郷80,深谷市,埼玉県,埼玉県,36.19714,139.292374,埼玉県深谷市原郷８０番地,GSI Address Search,,,公立,埼玉県,,,,,,,,
ac22905c15,88b4617882f8,深谷第一,,普通科,全日制,,52.0,https://studychain.jp/koukoudb/ranking/p-saitama/,,,366-0034,埼玉県深谷市常盤町21-1,深谷市,埼玉県,埼玉県,36.195404,139.295593,埼玉県深谷市常盤町２１番地,GSI Address Search,,,公立,埼玉県,,,,,,,,
c3f76f7405,ddf5bcd23408,不動岡,,普通科,全日制,,66.0,https://studychain.jp/koukoudb/ranking/p-saitama/,,,347-8513,埼玉県加須市不動岡1-7-45,加須市,埼玉県,埼玉県,36.132782,139.591293,埼玉県加須市不動岡一丁目７番４５号,GSI Address Search,,,公立,埼玉県,,,,,,,,
c3f76f7405,af914546dd3c,不動岡,,外国語科,全日制,,66.0,https://studychain.jp/koukoudb/ranking/p-saitama/,,,347-8513,埼玉県加須市不動岡1-7-45,加須市,埼玉県,埼玉県,36.132782,139.591293,埼玉県加須市不動岡一丁目７番４５号,GSI Address Search,,,公立,埼玉県,,,,,,,,
c237aae433,8470144db731,本庄,,普通科,全日制,,56.0,https://studychain.jp/koukoudb/ranking/p-saitama/,,,367-0045,埼玉県本庄市柏1-4-1,本庄市,埼玉県,埼玉県,36.233879,139.176102,埼玉県本庄市柏一丁目４番,GSI Address Search,,,公立,埼玉県,,,,,,,,
bf80be989a,0624e9f19f09,松伏,,普通科,全日制,,45.0,https://studychain.jp/koukoudb/ranking/p-saitama/,,,343-0114,埼玉県松伏町ゆめみ野東2-7-1,松伏町,埼玉県,埼玉県,35.924393,139.828888,埼玉県松伏町ゆめみ野東二丁目７番,GSI Address Search,,,公立,埼玉県,,,,,,,,
bf80be989a,9a24de043762,松伏,,音楽科,全日制,,42.0,https://studychain.jp/koukoudb/ranking/p-saitama/,,,343-0114,埼玉県松伏町ゆめみ野東2-7-1,松伏町,埼玉県,埼玉県,35.924393,139.828888,埼玉県松伏町ゆめみ野東二丁目７番,GSI Address Search,,,公立,埼玉県,,,,,,,,
d313a5bb03,b6afed1c191d,三郷,,普通科,全日制,,40.0,https://studychain.jp/koukoudb/ranking/p-saitama/,,,341-0041,埼玉県三郷市花和田620-1,三郷市,埼玉県,埼玉県,35.829815,139.87001,埼玉県三郷市花和田６２０番地,GSI Address Search,,,公立,埼玉県,,,,,,,,
8a6eac700b,9d594997649b,三郷北,,普通科,全日制,,46.0,https://studychain.jp/koukoudb/ranking/p-saitama/,,,341-0022,埼玉県三郷市大広戸808,三郷市,埼玉県,埼玉県,35.843765,139.875824,埼玉県三郷市大広戸８０８番地,GSI Address Search,,,公立,埼玉県,,,,,,,,
7924a4734e,8f0dd5baf34a,三郷工業技術,,機械科,全日制,,39.0,https://studychain.jp/koukoudb/ranking/p-saitama/,,,341-0003,埼玉県三郷市彦成3-325,三郷市,埼玉県,埼玉県,35.852966,139.85878,埼玉県三郷市彦成三丁目３２５番地,GSI Address Search,,,公立,埼玉県,,,,,,,,
7924a4734e,7b8fce6c44d9,三郷工業技術,,電子機械科,全日制,,,,,,341-0003,埼玉県三郷市彦成3-325,三郷市,埼玉県,埼玉県,35.852966,139.85878,埼玉県三郷市彦成三丁目３２５番地,GSI Address Search,,,公立,埼玉県,,,,,,,,
7924a4734e,4bfc5ff3badf,三郷工業技術,,電気科,全日制,,40.0,https://studychain.jp/koukoudb/ranking/p-saitama/,,,341-0003,埼玉県三郷市彦成3-325,三郷市,埼玉県,埼玉県,35.852966,139.85878,埼玉県三郷市彦成三丁目３２５番地,GSI Address Search,,,公立,埼玉県,,,,,,,,
7924a4734e,89b0dba32eb7,三郷工業技術,,情報技術科,全日制,,41,https://jyuke-labo.com/koukoujyukentaisaku/hensachi/saitama/,,,341-0003,埼玉県三郷市彦成3-325,三郷市,埼玉県,埼玉県,35.852966,139.85878,埼玉県三郷市彦成三丁目３２５番地,GSI Address Search,,,公立,埼玉県,,,,,,,,
7924a4734e,901b4b4e5cc5,三郷工業技術,,情報電子科,全日制,,43.0,https://studychain.jp/koukoudb/ranking/p-saitama/,,,341-0003,埼玉県三郷市彦成3-325,三郷市,埼玉県,埼玉県,35.852966,139.85878,埼玉県三郷市彦成三丁目３２５番地,GSI Address Search,,,公立,埼玉県,,,,,,,,
14d534e0e0,7432977db437,宮代,,普通科,全日制,,42.0,https://studychain.jp/koukoudb/ranking/p-saitama/,,,345-0814,埼玉県宮代町東611,宮代町,埼玉県,埼玉県,36.00555,139.731873,埼玉県宮代町東６１１番地,GSI Address Search,,,公立,埼玉県,,,,,,,,
00c0bf35fe,7b15fa0e6cb6,妻沼,,普通科,全日制,,40.0,https://studychain.jp/koukoudb/ranking/p-saitama/,,,360-0203,埼玉県熊谷市弥藤吾480,熊谷市,埼玉県,埼玉県,36.215672,139.382095,埼玉県熊谷市弥藤吾４８０番地,GSI Address Search,,,公立,埼玉県,,,,,,,,
2ce8d2a64c,c895a9e7e852,八潮フロンティア,,普通科,全日制,,,,,,,,,埼玉県,埼玉県,,,,,,,公立,埼玉県,,,,,,,,
2ce8d2a64c,74d679787e35,八潮フロンティア,,ビジネス探究科,全日制,,,,,,,,,埼玉県,埼玉県,,,,,,,公立,埼玉県,,,,,,,,
cfb718cbe2,ba46dcecd91d,吉川美南,,総合学科,全日制,,41.0,https://studychain.jp/koukoudb/ranking/p-saitama/,,,342-0035,埼玉県吉川市高久600,吉川市,埼玉県,埼玉県,35.874115,139.866486,埼玉県吉川市高久６００番地,GSI Address Search,,,公立,埼玉県,,,,,,,,
071bbf07dd,594c30303146,寄居城北,,総合学科,全日制,,43.0,https://studychain.jp/koukoudb/ranking/p-saitama/,,,369-1202,埼玉県寄居町桜沢2601,寄居町,埼玉県,埼玉県,36.13195,139.20845,埼玉県寄居町桜沢２６０１番地,GSI Address Search,,,公立,埼玉県,,,,,,,,
16f48e777c,409d13598b3c,和光国際,ワコウコクサイ,国際科,全日制,共学,61.0,https://studychain.jp/koukoudb/ranking/p-saitama/,,,351-0106,埼玉県和光市広沢4-1,和光市,埼玉県,埼玉県,35.778374,139.602661,埼玉県和光市広沢４番,GSI Address Search,https://wakoku-h.spec.ed.jp/,,公立,埼玉県,,,,,,,,2025-03
183cad621c,40fe11123419,鷲宮,,普通科,全日制,,47.0,https://studychain.jp/koukoudb/ranking/p-saitama/,,,340-0213,埼玉県久喜市中妻1020,久喜市,埼玉県,埼玉県,36.089725,139.646927,埼玉県久喜市中妻１０２０番地,GSI Address Search,,,公立,埼玉県,,,,,,,,
efcaa59b62,c769f848888c,市立川口,,普通科,全日制,,55.0,https://studychain.jp/koukoudb/ranking/p-saitama/,,,333-0844,埼玉県川口市上青木3-1-40,川口市,埼玉県,埼玉県,35.827251,139.718979,埼玉県川口市上青木三丁目１番４０号,GSI Address Search,,,公立,川口市,,,,,,,,
efcaa59b62,1d01f7ef2e68,市立川口,,理数科,全日制,,61.0,https://studychain.jp/koukoudb/ranking/p-saitama/,,,333-0844,埼玉県川口市上青木3-1-40,川口市,埼玉県,埼玉県,35.827251,139.718979,埼玉県川口市上青木三丁目１番４０号,GSI Address Search,,,公立,川口市,,,,,,,,
cf896eecdc,cb2ba3745a4f,市立浦和南,,普通科,全日制,,60.0,https://studychain.jp/koukoudb/ranking/p-saitama/,,,336-0026,埼玉県さいたま市南区辻6-5-31,さいたま市,埼玉県,埼玉県,35.832825,139.656631,埼玉県さいたま市南区辻六丁目５番３１号,GSI Address Search,,,公立,浦和南市,,,,,,,,
82f5b22f64,a016b4884ffc,市立大宮北,,普通科,全日制,,60.0,https://studychain.jp/koukoudb/ranking/p-saitama/,,,331-0822,埼玉県さいたま市北区奈良町91-1,さいたま市,埼玉県,埼玉県,35.945126,139.600967,埼玉県さいたま市北区奈良町９１番,GSI Address Search,,,公立,大宮北市,,,,,,,,
82f5b22f64,db6ef743e292,市立大宮北,,理数科,全日制,,64.0,https://studychain.jp/koukoudb/ranking/p-saitama/,,,331-0822,埼玉県さいたま市北区奈良町91-1,さいたま市,埼玉県,埼玉県,35.945126,139.600967,埼玉県さいたま市北区奈良町９１番,GSI Address Search,,,公立,大宮北市,,,,,,,,
14727e303b97,104091516ae2,浦和麗明,,普通科,全日制,共学,63.0,https://studychain.jp/koukoudb/ranking/p-saitama/,,,330-0054,埼玉県さいたま市浦和区東岸町１０－３６,さいたま市,埼玉県,埼玉県,35.854122,139.663086,埼玉県さいたま市浦和区東岸町１０番３６号,GSI Address Search,https://www.eimei-urawareimei.ac.jp/urawareimei/,1948.0,私立,小松原学園,,,取得済み,,,,,
1426acb504ca,a84274fc20bf,浦和実業学園,,普通科,全日制,共学,60.0,https://studychain.jp/koukoudb/ranking/p-saitama/,,,336-0025,埼玉県さいたま市南区文蔵３－９－１,さいたま市,埼玉県,埼玉県,35.83989,139.676956,埼玉県さいたま市南区文蔵三丁目９番１号,GSI Address Search,https://www.urajitsu.ed.jp/,1963.0,私立,九里学園,,,埼玉私立・コース別個別相談型,,,,,
1426acb504ca,c05d0ffb2990,浦和実業学園,,商業科,全日制,共学,48.0,https://studychain.jp/koukoudb/ranking/p-saitama/,,,336-0025,埼玉県さいたま市南区文蔵３－９－１,さいたま市,埼玉県,埼玉県,35.83989,139.676956,埼玉県さいたま市南区文蔵三丁目９番１号,GSI Address Search,https://www.urajitsu.ed.jp/,1963.0,私立,九里学園,,,埼玉私立・コース別個別相談型,,,,,
19f5d4a44998,807fc286d219,浦和明の星女子,,普通科,全日制,女子校,68.0,https://studychain.jp/koukoudb/ranking/p-saitama/,,,,埼玉県さいたま市緑区東浦和６－４－１９,さいたま市,埼玉県,埼玉県,35.869698,139.708038,埼玉県さいたま市緑区東浦和六丁目４番,GSI Address Search,,,私立,明の星学園,,,,,,,,
9c639409c547,029f57817845,青山学院大学系属浦和ルーテル学院,,普通科,全日制,共学,57.0,https://studychain.jp/koukoudb/ranking/p-saitama/,,,,埼玉県さいたま市緑区大崎３６４２,さいたま市,埼玉県,埼玉県,35.887722,139.71698,埼玉県さいたま市緑区大崎３６４２番地,GSI Address Search,,,私立,浦和ルーテル学院,,,,,,,,
e47f8200ed8a,2e65217b1ddd,浦和学院,,普通科,全日制,共学,62.0,https://studychain.jp/koukoudb/ranking/p-saitama/,,,336-0975,埼玉県さいたま市緑区代山１７２,さいたま市,埼玉県,埼玉県,35.90176,139.706039,埼玉県さいたま市緑区代山１７２番地,GSI Address Search,https://uragaku.ac.jp/,1978.0,私立,明星学園,,,埼玉私立・コース別個別相談型,,,,,
af7b3590c03a,f9d5872b1c29,淑徳与野,,普通科,全日制,女子校,71.0,https://studychain.jp/koukoudb/ranking/p-saitama/,,,338-0001,埼玉県さいたま市中央区上落合５－１９－１８,さいたま市,埼玉県,埼玉県,35.897133,139.627457,埼玉県さいたま市中央区上落合五丁目１９番１８号,GSI Address Search,https://www.shukutoku.yono.saitama.jp/,1948.0,私立,大乗淑徳学園,,,高難度私立・一般/推薦選抜型,,,,,
7e053cd38f10,50f601452c64,大宮開成,,普通科,全日制,共学,67.0,https://studychain.jp/koukoudb/ranking/p-saitama/,,,330-8567,埼玉県さいたま市大宮区堀の内町１－６１５,さいたま市,埼玉県,埼玉県,35.912548,139.643799,埼玉県さいたま市大宮区堀の内町一丁目６１５番地,GSI Address Search,https://www.omiyakaisei.jp/,1959.0,私立,開成学園,,,取得済み,,,,,
61ea0ae53a9f,16c3e39a27a6,埼玉栄,,普通科,全日制,共学,65.0,https://studychain.jp/koukoudb/ranking/p-saitama/,,,331-0078,埼玉県さいたま市西区西大宮３－１１－１,さいたま市,埼玉県,埼玉県,35.926434,139.579208,埼玉県さいたま市西区西大宮三丁目１１番地,GSI Address Search,https://www.saitamasakae-h.ed.jp/,1972.0,私立,佐藤栄学園,,,埼玉私立・コース別個別相談型,,,,,
61ea0ae53a9f,792ee1a65c25,埼玉栄,,保健体育科,全日制,共学,55.0,https://studychain.jp/koukoudb/ranking/p-saitama/,,,331-0078,埼玉県さいたま市西区西大宮３－１１－１,さいたま市,埼玉県,埼玉県,35.926434,139.579208,埼玉県さいたま市西区西大宮三丁目１１番地,GSI Address Search,https://www.saitamasakae-h.ed.jp/,1972.0,私立,佐藤栄学園,,,埼玉私立・コース別個別相談型,,,,,
8ce5d3d6356f,dd72cd9f911b,栄東,,普通科,全日制,共学,74.0,https://studychain.jp/koukoudb/ranking/p-saitama/,,,337-0054,埼玉県さいたま市見沼区砂町２－７７,さいたま市,埼玉県,埼玉県,35.946171,139.633621,埼玉県さいたま市見沼区砂町二丁目７７番地,GSI Address Search,https://www.sakaehigashi.ed.jp/,1978.0,私立,佐藤栄学園,,,高難度私立・一般/推薦選抜型,,,,,
3867ea558712,0a0839c2cda4,武南,,普通科,全日制,共学,66.0,https://studychain.jp/koukoudb/ranking/p-saitama/,,,335-0002,埼玉県蕨市塚越５－１０－２１,蕨市,埼玉県,埼玉県,35.823086,139.704941,埼玉県蕨市塚越五丁目１０番２１号,GSI Address Search,https://www.bunan.ed.jp/,1963.0,私立,武南学園,,,埼玉私立・コース別個別相談型,,,,,
98beba81347f,485b43e143b1,細田学園,,普通科,全日制,共学,67.0,https://studychain.jp/koukoudb/ranking/p-saitama/,,,353-0004,埼玉県志木市本町２－７－１,志木市,埼玉県,埼玉県,35.832279,139.581818,埼玉県志木市本町二丁目７番,GSI Address Search,https://www.hosodagakuen.jp/,1948.0,私立,細田学園,,,埼玉私立・コース別個別相談型,,,,,
54fdea4eee26,6bcd4e3d5580,西武台,,普通科,全日制,共学,61.0,https://studychain.jp/koukoudb/ranking/p-saitama/,,,352-8508,埼玉県新座市中野２－９－１,新座市,埼玉県,埼玉県,35.819359,139.548782,埼玉県新座市中野二丁目９番１号,GSI Address Search,https://www.seibudai.ed.jp/,1981.0,私立,武陽学園,,,取得済み,,,,,
a20c44e9691b,368d462d660e,秀明英光,,普通科,全日制,共学,49.0,https://studychain.jp/koukoudb/ranking/p-saitama/,,,362-0058,埼玉県上尾市上野１０１２,上尾市,埼玉県,埼玉県,35.942322,139.556412,埼玉県上尾市上野１０１２番地,GSI Address Search,https://www.shumei-eiko.ac.jp/,1981.0,私立,秀明学園,,,取得済み,,,,,
dd306246e38b,38d5f889f6ef,栄北,,普通科,全日制,共学,64.0,https://studychain.jp/koukoudb/ranking/p-saitama/,,,,埼玉県伊奈町小室１１２３,伊奈町,埼玉県,埼玉県,35.984161,139.622772,埼玉県伊奈町小室１１２３番地,GSI Address Search,,,私立,佐藤栄学園,,,,,,,,
41106e6f9e67,0d0eb9d3581d,山村学園,,普通科,全日制,共学,64.0,https://studychain.jp/koukoudb/ranking/p-saitama/,,,350-1113,埼玉県川越市田町１６－２,川越市,埼玉県,埼玉県,35.916656,139.475021,埼玉県川越市田町１６番,GSI Address Search,https://www.yamamuragakuen.ed.jp/,1959.0,私立,山村学園,,,埼玉私立・コース別個別相談型,,,,,
77030316fb22,c951e7e78c32,東邦音楽大学附属東邦第二,,音楽科,全日制,共学,48.0,https://studychain.jp/koukoudb/ranking/p-saitama/,,,,埼玉県川越市今泉８４,川越市,埼玉県,埼玉県,35.896595,139.523529,埼玉県川越市今泉８４番地,GSI Address Search,,,私立,三室戸学園,,,,,,,,
e3bb16f51dfb,cac12e34c32b,星野,,普通科,全日制,共学,68.0,https://studychain.jp/koukoudb/ranking/p-saitama/,,,350-0064,埼玉県川越市末広町３－９－１,川越市,埼玉県,埼玉県,35.921688,139.476151,埼玉県川越市末広町三丁目９番,GSI Address Search,https://www.hoshinogakuen.ed.jp/,1964.0,私立,星野学園,,,埼玉私立・基準非公表/個別相談型,,,,,
187894ee6c2b,6929d79e8f64,城西大学付属川越,,普通科,全日制,男子校,65.0,https://studychain.jp/koukoudb/ranking/p-saitama/,,,,埼玉県川越市山田東町１０４２,川越市,埼玉県,埼玉県,35.944225,139.477859,埼玉県川越市山田,GSI Address Search,,,私立,城西川越学園,,,,,,,,
9c682d85f6c9,dceb04f5fc5f,秀明,,普通科,全日制,共学,71.0,https://studychain.jp/koukoudb/ranking/p-saitama/,,,,埼玉県川越市笠幡４７９２,川越市,埼玉県,埼玉県,35.906921,139.410187,埼玉県川越市笠幡４７９２番地,GSI Address Search,,,私立,秀明学園,,,,,,,,
0b0bdfa64dc5,bb5617bd68c9,西武学園文理,,普通科,全日制,共学,72.0,https://studychain.jp/koukoudb/ranking/p-saitama/,,,350-1336,埼玉県狭山市柏原新田３１１－１,狭山市,埼玉県,埼玉県,35.891426,139.418518,埼玉県狭山市柏原新田３１１番地,GSI Address Search,https://www.bunri-s.ed.jp/,1981.0,私立,文理佐藤学園,,,取得済み,,,,,
0b0bdfa64dc5,53d3e0cb83cc,西武学園文理,,理数科,全日制,共学,69.0,https://studychain.jp/koukoudb/ranking/p-saitama/,,,350-1336,埼玉県狭山市柏原新田３１１－１,狭山市,埼玉県,埼玉県,35.891426,139.418518,埼玉県狭山市柏原新田３１１番地,GSI Address Search,https://www.bunri-s.ed.jp/,1981.0,私立,文理佐藤学園,,,取得済み,,,,,
0c7eeaec2d97,fb84caf84847,秋草学園,,普通科,全日制,女子校,56.0,https://studychain.jp/koukoudb/ranking/p-saitama/,,,350-1312,埼玉県狭山市掘兼２４０４,狭山市,埼玉県,埼玉県,35.853054,139.412231,埼玉県狭山市,GSI Address Search,https://www.akikusa.ac.jp/hs/,1982.0,私立,秋草学園,,,取得済み,,,,,
42a38b810731,201b3ff2fcda,狭山ヶ丘,,普通科,全日制,共学,69.0,https://studychain.jp/koukoudb/ranking/p-saitama/,,,358-0011,埼玉県入間市下藤沢９８１,入間市,埼玉県,埼玉県,35.818626,139.401794,埼玉県入間市下藤沢９８１番地,GSI Address Search,https://www.sayamagaoka-h.ed.jp/,1960.0,私立,狭山ヶ丘学園,,,取得済み,,,,,
017a4ad9440d,a116b93e720c,武蔵野音楽大学附属,,音楽科,全日制,共学,48.0,https://studychain.jp/koukoudb/ranking/p-saitama/,,,,埼玉県入間市中神７２８,入間市,埼玉県,埼玉県,35.830044,139.355865,埼玉県入間市中神７２８番地,GSI Address Search,,,私立,武蔵野音楽学園,,,,,,,,
9f820f06a941,7835367f36e5,東野,,普通科,全日制,共学,48.0,https://studychain.jp/koukoudb/ranking/p-saitama/,,,358-0015,埼玉県入間市二本木１１２－１,入間市,埼玉県,埼玉県,35.800995,139.363953,埼玉県入間市二本木１１２番地,GSI Address Search,https://eishin.ac/,1985.0,私立,盈進学園,,,取得済み,,,,,
137b134dff94,eae0790cafff,山村国際,,普通科,全日制,共学,56.0,https://studychain.jp/koukoudb/ranking/p-saitama/,,,350-0214,埼玉県坂戸市千代田１－２－２３,坂戸市,埼玉県,埼玉県,35.955723,139.400848,埼玉県坂戸市千代田一丁目２番２３号,GSI Address Search,https://www.yamamurakokusai.ed.jp/,1950.0,私立,山村学園,,,埼玉私立・コース別個別相談型,,,,,
49e719e0fb45,6cd3ff10a50a,埼玉平成,,普通科,全日制,共学,60.0,https://studychain.jp/koukoudb/ranking/p-saitama/,,,350-0434,埼玉県毛呂山町市場３３３－１,毛呂山町,埼玉県,埼玉県,35.939026,139.342514,埼玉県毛呂山町市場３３３番地,GSI Address Search,https://www.saitamaheisei.ed.jp/,1984.0,私立,山口学院,,,取得済み,,,,,
b7462ac5a6fa,0a44c23360e0,武蔵越生,,普通科,全日制,共学,61.0,https://studychain.jp/koukoudb/ranking/p-saitama/,,,350-0417,埼玉県越生町上野東１－３－１０,越生町,埼玉県,埼玉県,35.953217,139.310806,埼玉県越生町上野東一丁目３番,GSI Address Search,https://www.musashiogose-h.ed.jp/,1960.0,私立,越生学園,,,埼玉私立・コース別個別相談型,,,,,
3640a774518d,b4b74cd3f090,東京農業大学第三,,普通科,全日制,共学,65.0,https://studychain.jp/koukoudb/ranking/p-saitama/,,,,埼玉県東松山市松山１４００－１,東松山市,埼玉県,埼玉県,36.050674,139.41684,埼玉県東松山市松山１４００番地,GSI Address Search,,,私立,東京農業大学,,,,,,,,
9c3aa77b0c80,a55b98f5a787,大妻嵐山,,普通科,全日制,女子校,63.0,https://studychain.jp/koukoudb/ranking/p-saitama/,,,355-0221,埼玉県嵐山町菅谷５５８,嵐山町,埼玉県,埼玉県,36.037994,139.31958,埼玉県嵐山町菅谷５５８番地,GSI Address Search,https://www.otsuma-ranzan.ed.jp/,1967.0,私立,大妻学院,,,埼玉私立・コース別個別相談型,,,,,
db38dfae21ca,7e082845328f,本庄東,,普通科,全日制,共学,67.0,https://studychain.jp/koukoudb/ranking/p-saitama/,,,,埼玉県本庄市日の出１－４－５,本庄市,埼玉県,埼玉県,36.232109,139.199799,埼玉県本庄市日の出一丁目４番,GSI Address Search,,,私立,小林学園,,,,,,,,
2352970f9379,59fd5e4d8eb9,正智深谷,,普通科,全日制,共学,62.0,https://studychain.jp/koukoudb/ranking/p-saitama/,,,,埼玉県深谷市上野台３６９,深谷市,埼玉県,埼玉県,36.190018,139.277878,埼玉県深谷市上野台３６９番地,GSI Address Search,,,私立,智香寺学園,,,,,,,,
b87ea0689eb3,f73aa4874cb4,東京成徳大学深谷,,普通科,全日制,共学,58.0,https://studychain.jp/koukoudb/ranking/p-saitama/,,,,埼玉県深谷市宿根５５９,深谷市,埼玉県,埼玉県,36.192909,139.260803,埼玉県深谷市宿根５５９番地,GSI Address Search,,,私立,東京成徳学園,,,,,,,,
57eb9b97a2a2,d996935d6985,花咲徳栄,,普通科,全日制,共学,62.0,https://studychain.jp/koukoudb/ranking/p-saitama/,,,,埼玉県加須市花崎５１９,加須市,埼玉県,埼玉県,36.105534,139.627533,埼玉県加須市花崎５１９番地,GSI Address Search,,,私立,佐藤栄学園,,,,,,,,
57eb9b97a2a2,fe2976c68818,花咲徳栄,,食育実践科,全日制,共学,41.0,https://studychain.jp/koukoudb/ranking/p-saitama/,,,,埼玉県加須市花崎５１９,加須市,埼玉県,埼玉県,36.105534,139.627533,埼玉県加須市花崎５１９番地,GSI Address Search,,,私立,佐藤栄学園,,,,,,,,
3235f5372f41,4be434bf42c3,開智未来,,普通科,全日制,共学,68.0,https://studychain.jp/koukoudb/ranking/p-saitama/,,,,埼玉県加須市麦倉１２３８,加須市,埼玉県,埼玉県,36.193073,139.653717,埼玉県加須市麦倉１２３８番地,GSI Address Search,,,私立,開智学園,,,,,,,,
d9eb2b53a0d2,8e988b91edb4,春日部共栄,,普通科,全日制,共学,69.0,https://studychain.jp/koukoudb/ranking/p-saitama/,,,344-0037,埼玉県春日部市上大増新田２１３,春日部市,埼玉県,埼玉県,35.959778,139.74086,埼玉県春日部市上大増新田２１３番地,GSI Address Search,https://www.k-kyoei.ed.jp/,1980.0,私立,共栄学園,,,埼玉私立・コース別個別相談型,,,,,
94cee6450489,5805378cc5ec,叡明,,普通科,全日制,共学,60.0,https://studychain.jp/koukoudb/ranking/p-saitama/,,,343-0828,埼玉県越谷市レイクタウン７－２－１,越谷市,埼玉県,埼玉県,35.874363,139.816956,埼玉県越谷市レイクタウン七丁目２番,GSI Address Search,https://www.eimei-urawareimei.ac.jp/eimei/,1959.0,私立,小松原学園,,,埼玉私立・コース別個別相談型,,,,,
c86dcac2c914,9db4acf5d481,昌平,,普通科,全日制,共学,66.0,https://studychain.jp/koukoudb/ranking/p-saitama/,,,,埼玉県杉戸町下野８５１,杉戸町,埼玉県,埼玉県,36.057735,139.70134,埼玉県杉戸町下野８５１番地,GSI Address Search,,,私立,昌平学園,,,,,,,,
